"course_code","title","requirements","uo_requirements"
"AFR 215","Introduction to African Studies","SSC, IC, GP","GP"
"AFR 215","Introduction to African Studies","SSC, IC, GP","IC"
"AFR 215","Introduction to African Studies","SSC, IC, GP","SSC"
"ANTH 110","Introduction to Traditional Ecological Knowledge","SC, IC, GP","GP"
"ANTH 110","Introduction to Traditional Ecological Knowledge","SC, IC, GP","IC"
"ANTH 110","Introduction to Traditional Ecological Knowledge","SC, IC, GP","SC"
"ANTH 114","Anthropology of Pirates and Piracy","SSC, IC, GP","GP"
"ANTH 114","Anthropology of Pirates and Piracy","SSC, IC, GP","IC"
"ANTH 114","Anthropology of Pirates and Piracy","SSC, IC, GP","SSC"
"ANTH 119","Anthropology and Aliens","SSC","SSC"
"ANTH 145","Principles of Archaeology","SC","SC"
"ANTH 150","World Archaeology","SSC, IC, GP","GP"
"ANTH 150","World Archaeology","SSC, IC, GP","IC"
"ANTH 150","World Archaeology","SSC, IC, GP","SSC"
"ANTH 161","Introduction to Cultural Anthropology","SSC, IC, GP","GP"
"ANTH 161","Introduction to Cultural Anthropology","SSC, IC, GP","IC"
"ANTH 161","Introduction to Cultural Anthropology","SSC, IC, GP","SSC"
"ANTH 163","Origins of Storytelling","SC, IC, GP","GP"
"ANTH 163","Origins of Storytelling","SC, IC, GP","IC"
"ANTH 163","Origins of Storytelling","SC, IC, GP","SC"
"ANTH 165","Sexuality and Culture","SSC, IP, GP","GP"
"ANTH 165","Sexuality and Culture","SSC, IP, GP","IP"
"ANTH 165","Sexuality and Culture","SSC, IP, GP","SSC"
"ANTH 170","Introduction to Human Origins","SC","SC"
"ANTH 171","Introduction to Monkeys and Apes","SC","SC"
"ANTH 173","Evolution of Human Sexuality","SC, IP, GP","GP"
"ANTH 173","Evolution of Human Sexuality","SC, IP, GP","IP"
"ANTH 173","Evolution of Human Sexuality","SC, IP, GP","SC"
"ANTH 175","Evolutionary Medicine","SC","SC"
"ANTH 176","Introduction to Forensic Anthropology","SC","SC"
"ANTH 209","Business Anthropology","SSC, GP","GP"
"ANTH 209","Business Anthropology","SSC, GP","SSC"
"ANTH 220","Introduction to Nutritional Anthropology","SC, IC, GP","GP"
"ANTH 220","Introduction to Nutritional Anthropology","SC, IC, GP","IC"
"ANTH 220","Introduction to Nutritional Anthropology","SC, IC, GP","SC"
"ANTH 223","Anthropology of Chocolate","SSC, IC, GP","GP"
"ANTH 223","Anthropology of Chocolate","SSC, IC, GP","IC"
"ANTH 223","Anthropology of Chocolate","SSC, IC, GP","SSC"
"ANTH 225","Evolution of Play","SC, IC, GP","GP"
"ANTH 225","Evolution of Play","SC, IC, GP","IC"
"ANTH 225","Evolution of Play","SC, IC, GP","SC"
"ANTH 248","Archaeology of Wild Foods","SC, AC, US","AC"
"ANTH 248","Archaeology of Wild Foods","SC, AC, US","SC"
"ANTH 248","Archaeology of Wild Foods","SC, AC, US","US"
"ANTH 255","Atlantis, Aliens, and Archaeology","SC","SC"
"ANTH 260","Domestic Animals","SC","SC"
"ANTH 270","Introduction to Biological Anthropology","SC","SC"
"ANTH 274","Animals and People","SC, IC, GP","GP"
"ANTH 274","Animals and People","SC, IC, GP","IC"
"ANTH 274","Animals and People","SC, IC, GP","SC"
"ANTH 278","Science, Race, and Society","SC, AC, US","AC"
"ANTH 278","Science, Race, and Society","SC, AC, US","SC"
"ANTH 278","Science, Race, and Society","SC, AC, US","US"
"ANTH 311","Anthropology of Globalization","SSC, IC, GP","GP"
"ANTH 311","Anthropology of Globalization","SSC, IC, GP","IC"
"ANTH 311","Anthropology of Globalization","SSC, IC, GP","SSC"
"ANTH 315","Gender, Folklore, Inequality","SSC, IP, GP","GP"
"ANTH 315","Gender, Folklore, Inequality","SSC, IP, GP","IP"
"ANTH 315","Gender, Folklore, Inequality","SSC, IP, GP","SSC"
"ANTH 320","Native North Americans","SSC, IP, US","IP"
"ANTH 320","Native North Americans","SSC, IP, US","SSC"
"ANTH 320","Native North Americans","SSC, IP, US","US"
"ANTH 322","Anthropology of the United States","SSC, AC, US","AC"
"ANTH 322","Anthropology of the United States","SSC, AC, US","SSC"
"ANTH 322","Anthropology of the United States","SSC, AC, US","US"
"ANTH 329","Immigration and Farmworkers","SSC, IP, US","IP"
"ANTH 329","Immigration and Farmworkers","SSC, IP, US","SSC"
"ANTH 329","Immigration and Farmworkers","SSC, IP, US","US"
"ANTH 330","Hunters and Gatherers","SSC, IC, GP","GP"
"ANTH 330","Hunters and Gatherers","SSC, IC, GP","IC"
"ANTH 330","Hunters and Gatherers","SSC, IC, GP","SSC"
"ANTH 331","Cultures of India and South Asia","SSC, IC, GP","GP"
"ANTH 331","Cultures of India and South Asia","SSC, IC, GP","IC"
"ANTH 331","Cultures of India and South Asia","SSC, IC, GP","SSC"
"ANTH 332","Human Attraction and Mating Strategies","SC","SC"
"ANTH 340","Fundamentals of Archaeology","SC","SC"
"ANTH 341","Food Origins","SC","SC"
"ANTH 342","Archaeology of Egypt and Near East","SSC, GP","GP"
"ANTH 342","Archaeology of Egypt and Near East","SSC, GP","SSC"
"ANTH 343","Pacific Islands Archaeology","SSC, IC, GP","GP"
"ANTH 343","Pacific Islands Archaeology","SSC, IC, GP","IC"
"ANTH 343","Pacific Islands Archaeology","SSC, IC, GP","SSC"
"ANTH 344","Oregon Archaeology","SSC, AC, US","AC"
"ANTH 344","Oregon Archaeology","SSC, AC, US","SSC"
"ANTH 344","Oregon Archaeology","SSC, AC, US","US"
"ANTH 345","Archaeology of East Asia","SSC","SSC"
"ANTH 346","Archaeology of Southeast Asia","SSC, IC, GP","GP"
"ANTH 346","Archaeology of Southeast Asia","SSC, IC, GP","IC"
"ANTH 346","Archaeology of Southeast Asia","SSC, IC, GP","SSC"
"ANTH 349","Origins of Art","SC, IC, GP","GP"
"ANTH 349","Origins of Art","SC, IC, GP","IC"
"ANTH 349","Origins of Art","SC, IC, GP","SC"
"ANTH 361","Human Evolution","SC","SC"
"ANTH 362","Human Biological Variation","SC, IP, GP","GP"
"ANTH 362","Human Biological Variation","SC, IP, GP","IP"
"ANTH 362","Human Biological Variation","SC, IP, GP","SC"
"ANTH 369","Human Growth and Development","SC","SC"
"ANTH 373","Psychoactive Substances in Ancient Societies","SSC","SSC"
"ANTH 376","Decoding Your Genome","SC","SC"
"ANTH 413","Culture and Psychology","IC, GP","GP"
"ANTH 413","Culture and Psychology","IC, GP","IC"
"ANTH 420","Culture, Illness, and Healing","IC, GP","GP"
"ANTH 420","Culture, Illness, and Healing","IC, GP","IC"
"ANTH 425","Migrant, Citizen, Refugee","AC, US","AC"
"ANTH 425","Migrant, Citizen, Refugee","AC, US","US"
"ANTH 429","Jewish Folklore and Ethnology","IP, GP","GP"
"ANTH 429","Jewish Folklore and Ethnology","IP, GP","IP"
"ANTH 430","Balkan Society and Folklore","IC, GP","GP"
"ANTH 430","Balkan Society and Folklore","IC, GP","IC"
"ANTH 434","Native South Americans","IC, GP","GP"
"ANTH 434","Native South Americans","IC, GP","IC"
"ANTH 442","Northwest Coast Archaeology","AC, US","AC"
"ANTH 442","Northwest Coast Archaeology","AC, US","US"
"ANTH 443","North American Archaeology","IP, US","IP"
"ANTH 443","North American Archaeology","IP, US","US"
"ANTH 448","Gender and Archaeology","IP, GP","GP"
"ANTH 448","Gender and Archaeology","IP, GP","IP"
"ARB 301","Language and Culture I","A&L, GP","AL"
"ARB 301","Language and Culture I","A&L, GP","GP"
"ARB 302","Language and Culture II","A&L, GP","AL"
"ARB 302","Language and Culture II","A&L, GP","GP"
"ARB 303","Language and Culture III","A&L, GP","AL"
"ARB 303","Language and Culture III","A&L, GP","GP"
"ARB 331","Reading Classical Arabic","A&L","AL"
"ARB 353","Arab Cinema","A&L, IC, GP","AL"
"ARB 353","Arab Cinema","A&L, IC, GP","GP"
"ARB 353","Arab Cinema","A&L, IC, GP","IC"
"ARH 150","Introduction to Visual Culture","A&L","AL"
"ARH 204","History of Western Art I","A&L","AL"
"ARH 205","History of Western Art II","A&L","AL"
"ARH 206","History of Western Art III","A&L","AL"
"ARH 208","History of Chinese Art","A&L, IC, GP","AL"
"ARH 208","History of Chinese Art","A&L, IC, GP","GP"
"ARH 208","History of Chinese Art","A&L, IC, GP","IC"
"ARH 209","History of Japanese Art","A&L, IC, GP","AL"
"ARH 209","History of Japanese Art","A&L, IC, GP","GP"
"ARH 209","History of Japanese Art","A&L, IC, GP","IC"
"ARH 210","Contemporary Asian Art and Architecture","A&L, IC, GP","AL"
"ARH 210","Contemporary Asian Art and Architecture","A&L, IC, GP","GP"
"ARH 210","Contemporary Asian Art and Architecture","A&L, IC, GP","IC"
"ARH 211","Survey of Latin American Arts","A&L, IC, GP","AL"
"ARH 211","Survey of Latin American Arts","A&L, IC, GP","GP"
"ARH 211","Survey of Latin American Arts","A&L, IC, GP","IC"
"ARH 314","History of World Architecture I","A&L, IC, GP","AL"
"ARH 314","History of World Architecture I","A&L, IC, GP","GP"
"ARH 314","History of World Architecture I","A&L, IC, GP","IC"
"ARH 315","History of World Architecture II","A&L, IC, GP","AL"
"ARH 315","History of World Architecture II","A&L, IC, GP","GP"
"ARH 315","History of World Architecture II","A&L, IC, GP","IC"
"ARH 316","Gothic Architecture","A&L","AL"
"ARH 317","Romanesque Architecture","A&L","AL"
"ARH 321","Ancient Jewish Art","A&L, IC, GP","AL"
"ARH 321","Ancient Jewish Art","A&L, IC, GP","GP"
"ARH 321","Ancient Jewish Art","A&L, IC, GP","IC"
"ARH 322","Ancient Greek Art & Architecture","A&L, IC, GP","AL"
"ARH 322","Ancient Greek Art & Architecture","A&L, IC, GP","GP"
"ARH 322","Ancient Greek Art & Architecture","A&L, IC, GP","IC"
"ARH 325","Islamic Art & Architecture","A&L, IC, GP","AL"
"ARH 325","Islamic Art & Architecture","A&L, IC, GP","GP"
"ARH 325","Islamic Art & Architecture","A&L, IC, GP","IC"
"ARH 327","Medieval Art","A&L","AL"
"ARH 348","Rome in Age of Bernini","A&L","AL"
"ARH 350","History of Manga","IC, GP","GP"
"ARH 350","History of Manga","IC, GP","IC"
"ARH 351","19th-Century Art","A&L","AL"
"ARH 352","Art of the Enlightenment","A&L","AL"
"ARH 353","Modern Art, 1880?1950","A&L","AL"
"ARH 354","Contemporary Art","A&L, IP, US","AL"
"ARH 354","Contemporary Art","A&L, IP, US","IP"
"ARH 354","Contemporary Art","A&L, IP, US","US"
"ARH 358","History of Design","A&L","AL"
"ARH 359","History of Photography","A&L","AL"
"ARH 368","Arts and Visual Cultures of Climate Change","IC, GP","GP"
"ARH 368","Arts and Visual Cultures of Climate Change","IC, GP","IC"
"ARH 372","Arts of Colonial Latin America","A&L, IC, GP","AL"
"ARH 372","Arts of Colonial Latin America","A&L, IC, GP","GP"
"ARH 372","Arts of Colonial Latin America","A&L, IC, GP","IC"
"ARH 373","20th Century Latin American Art","AC, US","AC"
"ARH 373","20th Century Latin American Art","AC, US","US"
"ARH 382","Arts of the Silk Road","A&L, IC, GP","AL"
"ARH 382","Arts of the Silk Road","A&L, IC, GP","GP"
"ARH 382","Arts of the Silk Road","A&L, IC, GP","IC"
"ARH 387","Chinese Buddhist Art","A&L, IC, GP","AL"
"ARH 387","Chinese Buddhist Art","A&L, IC, GP","GP"
"ARH 387","Chinese Buddhist Art","A&L, IC, GP","IC"
"ARH 421","Ancient Mediterranean Art: [Topic]","IC, GP","GP"
"ARH 421","Ancient Mediterranean Art: [Topic]","IC, GP","IC"
"ARH 481","Chinese Art: [Topic]","IC, GP","GP"
"ARH 481","Chinese Art: [Topic]","IC, GP","IC"
"ARH 485","Japanese Art: [Topic]","IC, GP","GP"
"ARH 485","Japanese Art: [Topic]","IC, GP","IC"
"ARH 488","Japanese Prints","IC, GP","GP"
"ARH 488","Japanese Prints","IC, GP","IC"
"ART 101","Understanding Contemporary Art","A&L","AL"
"ART 111","The Artist Experience","A&L","AL"
"ASIA 111","Great Books on Modern Asia","A&L, IC, GP","AL"
"ASIA 111","Great Books on Modern Asia","A&L, IC, GP","GP"
"ASIA 111","Great Books on Modern Asia","A&L, IC, GP","IC"
"ASIA 350","What Is Asia: Theoretical Debates","A&L, IC, GP","AL"
"ASIA 350","What Is Asia: Theoretical Debates","A&L, IC, GP","GP"
"ASIA 350","What Is Asia: Theoretical Debates","A&L, IC, GP","IC"
"ASIA 425","Asian Foodways","IC, GP","GP"
"ASIA 425","Asian Foodways","IC, GP","IC"
"ASL 201","Second-Year American Sign Language","A&L","AL"
"ASL 202","Second-Year American Sign Language","A&L","AL"
"ASL 203","Second-Year American Sign Language","A&L","AL"
"ASL 301","American Deaf Culture","IP, US","IP"
"ASL 301","American Deaf Culture","IP, US","US"
"ASTR 121","The Solar System","SC","SC"
"ASTR 122","Birth and Death of Stars","SC","SC"
"ASTR 123","Galaxies and the Expanding Universe","SC","SC"
"BA 101","Introduction to Business","SSC","SSC"
"BA 252","Global Perspectives in Business","IC, GP","GP"
"BA 252","Global Perspectives in Business","IC, GP","IC"
"BEHT 350","Diversity Equity and Inclusion Theory I","AC, US","AC"
"BEHT 350","Diversity Equity and Inclusion Theory I","AC, US","US"
"BI 121","Introduction to Human Physiology","SC","SC"
"BI 122","Introduction to Human Genetics","SC","SC"
"BI 123","Biology of Cancer","SC","SC"
"BI 130","Introduction to Ecology","SC","SC"
"BI 132","Introduction to Animal Behavior","SC","SC"
"BI 140","Science, Policy, and Biology","SC","SC"
"BI 150","The Ocean Planet","SC","SC"
"BI 170","Happiness: a Neuroscience and Psychology Perspective","SC","SC"
"BI 211","General Biology I: Cells","SC","SC"
"BI 212","General Biology II: Organisms","SC","SC"
"BI 213","General Biology III: Ecology and Evolution","SC","SC"
"BI 214","General Biology IV: Biochemistry and Genetics","SC","SC"
"BI 281H","Honors Biology I: Cells, Biochemistry and Physiology","SC","SC"
"BI 282H","Honors Biology II:  Genetics and Molecular Biology","SC","SC"
"BI 283H","Honors Biology III: Evolution, Diversity and Ecology","SC","SC"
"BI 307","Forest Biology","SC","SC"
"BI 309","Tropical Diseases in Africa","IC, GP","GP"
"BI 309","Tropical Diseases in Africa","IC, GP","IC"
"BI 357","Marine Biology","SC","SC"
"BLST 141","Writing in Black: [Topic]","AC, US","AC"
"BLST 141","Writing in Black: [Topic]","AC, US","US"
"CDS 201","Communication Disorders in Society and Media","IP, US","IP"
"CDS 201","Communication Disorders in Society and Media","IP, US","US"
"CH 111","Introduction to Chemical Principles","SC","SC"
"CH 113","The Chemistry of Sustainability","SC","SC"
"CH 221","General Chemistry I","SC","SC"
"CH 222","General Chemistry II","SC","SC"
"CH 223","General Chemistry III","SC","SC"
"CH 224H","Advanced General Chemistry I","SC","SC"
"CH 225H","Advanced General Chemistry II","SC","SC"
"CH 226H","Advanced General Chemistry III","SC","SC"
"CHN 150","Introduction to Chinese Narrative","A&L, IC, GP","AL"
"CHN 150","Introduction to Chinese Narrative","A&L, IC, GP","GP"
"CHN 150","Introduction to Chinese Narrative","A&L, IC, GP","IC"
"CHN 151","Introduction to Chinese Film","A&L, IC, GP","AL"
"CHN 151","Introduction to Chinese Film","A&L, IC, GP","GP"
"CHN 151","Introduction to Chinese Film","A&L, IC, GP","IC"
"CHN 152","Introduction to Chinese Popular Culture","A&L, IC, GP","AL"
"CHN 152","Introduction to Chinese Popular Culture","A&L, IC, GP","GP"
"CHN 152","Introduction to Chinese Popular Culture","A&L, IC, GP","IC"
"CHN 201","Second-Year Chinese","A&L, GP","AL"
"CHN 201","Second-Year Chinese","A&L, GP","GP"
"CHN 202","Second-Year Chinese","A&L, GP","AL"
"CHN 202","Second-Year Chinese","A&L, GP","GP"
"CHN 203","Second-Year Chinese","A&L, GP","AL"
"CHN 203","Second-Year Chinese","A&L, GP","GP"
"CHN 204","Accelerated Second-Year Chinese I","A&L, GP","AL"
"CHN 204","Accelerated Second-Year Chinese I","A&L, GP","GP"
"CHN 205","Accelerated Second-Year Chinese II","A&L, GP","AL"
"CHN 205","Accelerated Second-Year Chinese II","A&L, GP","GP"
"CHN 206","Accelerated Second-Year Chinese III","A&L, GP","AL"
"CHN 206","Accelerated Second-Year Chinese III","A&L, GP","GP"
"CHN 301","Third-Year Chinese","A&L","AL"
"CHN 302","Third-Year Chinese","A&L","AL"
"CHN 303","Third-Year Chinese","A&L","AL"
"CHN 305","History of Chinese Literature","A&L, IC, GP","AL"
"CHN 305","History of Chinese Literature","A&L, IC, GP","GP"
"CHN 305","History of Chinese Literature","A&L, IC, GP","IC"
"CHN 306","History of Chinese Literature II, The Imperial Age","A&L, IC, GP","AL"
"CHN 306","History of Chinese Literature II, The Imperial Age","A&L, IC, GP","GP"
"CHN 306","History of Chinese Literature II, The Imperial Age","A&L, IC, GP","IC"
"CHN 307","History of Chinese Literature","A&L, IC, GP","AL"
"CHN 307","History of Chinese Literature","A&L, IC, GP","GP"
"CHN 307","History of Chinese Literature","A&L, IC, GP","IC"
"CHN 308","Literature of Modern Taiwan","A&L, IC, GP","AL"
"CHN 308","Literature of Modern Taiwan","A&L, IC, GP","GP"
"CHN 308","Literature of Modern Taiwan","A&L, IC, GP","IC"
"CHN 350","Gender and Sexuality in Traditional Chinese Literature","A&L, IP, GP","AL"
"CHN 350","Gender and Sexuality in Traditional Chinese Literature","A&L, IP, GP","GP"
"CHN 350","Gender and Sexuality in Traditional Chinese Literature","A&L, IP, GP","IP"
"CHN 351","Gender and Sexuality in Modern Chinese Literature","A&L, IP, GP","AL"
"CHN 351","Gender and Sexuality in Modern Chinese Literature","A&L, IP, GP","GP"
"CHN 351","Gender and Sexuality in Modern Chinese Literature","A&L, IP, GP","IP"
"CHN 380","Self and Society in Traditional Chinese Literature","A&L","AL"
"CHN 452","Chinese Film and Theory","IC, GP","GP"
"CHN 452","Chinese Film and Theory","IC, GP","IC"
"CINE 110M","Introduction to Film and Media","A&L","AL"
"CINE 111","How to Watch TV","A&L","AL"
"CINE 151M","Introduction to Korean Cinema","A&L, IC, GP","AL"
"CINE 151M","Introduction to Korean Cinema","A&L, IC, GP","GP"
"CINE 151M","Introduction to Korean Cinema","A&L, IC, GP","IC"
"CINE 230","Remix Cultures","A&L","AL"
"CINE 265","History of the Motion Picture I","A&L","AL"
"CINE 266","History of the Motion Picture II","A&L","AL"
"CINE 267","History of the Motion Picture III","A&L","AL"
"CINE 268","United States Television History","A&L","AL"
"CINE 335","Exhibition and Audiences","A&L","AL"
"CINE 340","Production Studies","A&L","AL"
"CINE 345","Stars","A&L","AL"
"CINE 350","Queer European Cinema","A&L, IP, GP","AL"
"CINE 350","Queer European Cinema","A&L, IP, GP","GP"
"CINE 350","Queer European Cinema","A&L, IP, GP","IP"
"CINE 362M","Contemporary Korean Film","A&L, IC, GP","AL"
"CINE 362M","Contemporary Korean Film","A&L, IC, GP","GP"
"CINE 362M","Contemporary Korean Film","A&L, IC, GP","IC"
"CINE 365","Digital Cinema","A&L","AL"
"CINE 381M","Film, Media, and Culture","A&L, IP, GP","AL"
"CINE 381M","Film, Media, and Culture","A&L, IP, GP","GP"
"CINE 381M","Film, Media, and Culture","A&L, IP, GP","IP"
"CLAS 110","Classical Mythology","A&L, IP, GP","AL"
"CLAS 110","Classical Mythology","A&L, IP, GP","GP"
"CLAS 110","Classical Mythology","A&L, IP, GP","IP"
"CLAS 188","Introduction to Classical Archaeology","SSC","SSC"
"CLAS 201","Greek Life and Culture","A&L, IC, GP","AL"
"CLAS 201","Greek Life and Culture","A&L, IC, GP","GP"
"CLAS 201","Greek Life and Culture","A&L, IC, GP","IC"
"CLAS 202","Roman Life and Culture","A&L","AL"
"CLAS 301","Greek and Roman Epic","A&L","AL"
"CLAS 302","Greek and Roman Tragedy","A&L","AL"
"CLAS 303","Classical Greek Philosophers","A&L","AL"
"CLAS 310","Early China, Ancient Greece","A&L, IC, GP","AL"
"CLAS 310","Early China, Ancient Greece","A&L, IC, GP","GP"
"CLAS 310","Early China, Ancient Greece","A&L, IC, GP","IC"
"CLAS 311","Death and Rebirth in Greece and India","A&L, IC, GP","AL"
"CLAS 311","Death and Rebirth in Greece and India","A&L, IC, GP","GP"
"CLAS 311","Death and Rebirth in Greece and India","A&L, IC, GP","IC"
"CLAS 314","Gender and Sexuality in Antiquity","A&L, IP, GP","AL"
"CLAS 314","Gender and Sexuality in Antiquity","A&L, IP, GP","GP"
"CLAS 314","Gender and Sexuality in Antiquity","A&L, IP, GP","IP"
"COLT 101","Introduction to Comparative Literature","A&L, IP, GP","AL"
"COLT 101","Introduction to Comparative Literature","A&L, IP, GP","GP"
"COLT 101","Introduction to Comparative Literature","A&L, IP, GP","IP"
"COLT 102","Introduction to Comparative Literature","A&L, IC, GP","AL"
"COLT 102","Introduction to Comparative Literature","A&L, IC, GP","GP"
"COLT 102","Introduction to Comparative Literature","A&L, IC, GP","IC"
"COLT 103","Introduction to Comparative Literature","A&L, IC, GP","AL"
"COLT 103","Introduction to Comparative Literature","A&L, IC, GP","GP"
"COLT 103","Introduction to Comparative Literature","A&L, IC, GP","IC"
"COLT 211","Comparative World Literature","A&L, IC, GP","AL"
"COLT 211","Comparative World Literature","A&L, IC, GP","GP"
"COLT 211","Comparative World Literature","A&L, IC, GP","IC"
"COLT 212","Comparative World Cinema","A&L, IC, GP","AL"
"COLT 212","Comparative World Cinema","A&L, IC, GP","GP"
"COLT 212","Comparative World Cinema","A&L, IC, GP","IC"
"COLT 213","United States Culture in Comparative Contexts","A&L, AC, US","AC"
"COLT 213","United States Culture in Comparative Contexts","A&L, AC, US","AL"
"COLT 213","United States Culture in Comparative Contexts","A&L, AC, US","US"
"COLT 231","Literature and Society","A&L, IC, GP","AL"
"COLT 231","Literature and Society","A&L, IC, GP","GP"
"COLT 231","Literature and Society","A&L, IC, GP","IC"
"COLT 232","Literature and Film","A&L, IC, GP","AL"
"COLT 232","Literature and Film","A&L, IC, GP","GP"
"COLT 232","Literature and Film","A&L, IC, GP","IC"
"COLT 301","Approaches to Comparative Literature","A&L, IP, GP","AL"
"COLT 301","Approaches to Comparative Literature","A&L, IP, GP","GP"
"COLT 301","Approaches to Comparative Literature","A&L, IP, GP","IP"
"COLT 305","Cultural Studies","A&L, IC, GP","AL"
"COLT 305","Cultural Studies","A&L, IC, GP","GP"
"COLT 305","Cultural Studies","A&L, IC, GP","IC"
"COLT 360","Gender and Identity in Literature","A&L, IP, GP","AL"
"COLT 360","Gender and Identity in Literature","A&L, IP, GP","GP"
"COLT 360","Gender and Identity in Literature","A&L, IP, GP","IP"
"COLT 370","Comparative Comics","A&L, IP, GP","AL"
"COLT 370","Comparative Comics","A&L, IP, GP","GP"
"COLT 370","Comparative Comics","A&L, IP, GP","IP"
"COLT 390","Comparing Identities, Agencies and Differences","A&L, AC, US","AC"
"COLT 390","Comparing Identities, Agencies and Differences","A&L, AC, US","AL"
"COLT 390","Comparing Identities, Agencies and Differences","A&L, AC, US","US"
"CS 102","Fundamentals of Computer and Information Security","SC","SC"
"CS 110","Fluency with Information Technology","SC","SC"
"CS 111","Introduction to Web Programming","SC","SC"
"CS 122","Introduction to Programming and Problem Solving","SC","SC"
"CS 210","Computer Science I","SC","SC"
"CS 211","Computer Science II","SC","SC"
"CS 212","Computer Science III","SC","SC"
"DAN 241","Screendance: History and Theory","A&L","AL"
"DAN 251","Looking at Dance","A&L","AL"
"DAN 260","Anatomy of Human Movement","SC","SC"
"DAN 301","African Dance Aesthetics","A&L, IC, GP","AL"
"DAN 301","African Dance Aesthetics","A&L, IC, GP","GP"
"DAN 301","African Dance Aesthetics","A&L, IC, GP","IC"
"DSCI 101","Foundations of Data Science I","SC","SC"
"EALL 209","Languages and Societies in East Asia","A&L, IC, GP","AL"
"EALL 209","Languages and Societies in East Asia","A&L, IC, GP","GP"
"EALL 209","Languages and Societies in East Asia","A&L, IC, GP","IC"
"EALL 211","Japan: A Cultural Odyssey","A&L, IC, GP","AL"
"EALL 211","Japan: A Cultural Odyssey","A&L, IC, GP","GP"
"EALL 211","Japan: A Cultural Odyssey","A&L, IC, GP","IC"
"EC 101","Contemporary Economic Issues","SSC","SSC"
"EC 201","Introduction to Economic Analysis: Microeconomics","SSC","SSC"
"EC 202","Introduction to Economic Analysis: Macroeconomics","SSC","SSC"
"EC 327","Introduction to Game Theory","SSC","SSC"
"EC 328","Behavioral Economics and Its Applications","SSC","SSC"
"EC 330","Urban and Regional Economic Problems","SSC, IP, US","IP"
"EC 330","Urban and Regional Economic Problems","SSC, IP, US","SSC"
"EC 330","Urban and Regional Economic Problems","SSC, IP, US","US"
"EC 333","Resource and Environmental Economic Issues","SSC","SSC"
"EC 340","Issues in Public Economics","SSC","SSC"
"EC 350","Labor Market Issues","SSC","SSC"
"EC 360","Issues in Industrial Organization","SSC","SSC"
"EC 370","Money and Banking","SSC","SSC"
"EC 380","International Economic Issues","SSC","SSC"
"EC 390","Problems and Issues in the Developing Economies","SSC, IC, GP","GP"
"EC 390","Problems and Issues in the Developing Economies","SSC, IC, GP","IC"
"EC 390","Problems and Issues in the Developing Economies","SSC, IC, GP","SSC"
"EC 430","Urban and Regional Economics","IP, US","IP"
"EC 430","Urban and Regional Economics","IP, US","US"
"EC 490","Economic Growth and Development","IC, GP","GP"
"EC 490","Economic Growth and Development","IC, GP","IC"
"EDST 111","Education and Social Change","SSC","SSC"
"EDST 225","School and Representation in Media","AC, US","AC"
"EDST 225","School and Representation in Media","AC, US","US"
"ENG 104","Introduction to Literature: Fiction","A&L","AL"
"ENG 105","Introduction to Literature: Drama","A&L","AL"
"ENG 106","Introduction to Literature: Poetry","A&L","AL"
"ENG 107","World Literature","A&L, IC, GP","AL"
"ENG 107","World Literature","A&L, IC, GP","GP"
"ENG 107","World Literature","A&L, IC, GP","IC"
"ENG 108","World Literature","A&L, IC, GP","AL"
"ENG 108","World Literature","A&L, IC, GP","GP"
"ENG 108","World Literature","A&L, IC, GP","IC"
"ENG 110M","Introduction to Film and Media","A&L","AL"
"ENG 207","Shakespeare","A&L","AL"
"ENG 208","Shakespeare","A&L","AL"
"ENG 225","Age of King Arthur","A&L","AL"
"ENG 230","Introduction to Environmental Literature","A&L","AL"
"ENG 240","Introduction to Disability Studies","A&L, IP, US","AL"
"ENG 240","Introduction to Disability Studies","A&L, IP, US","IP"
"ENG 240","Introduction to Disability Studies","A&L, IP, US","US"
"ENG 241","Introduction to African American Literature","A&L, IP, US","AL"
"ENG 241","Introduction to African American Literature","A&L, IP, US","IP"
"ENG 241","Introduction to African American Literature","A&L, IP, US","US"
"ENG 242","Introduction to Asian American Literature","A&L, IP, US","AL"
"ENG 242","Introduction to Asian American Literature","A&L, IP, US","IP"
"ENG 242","Introduction to Asian American Literature","A&L, IP, US","US"
"ENG 243","Introduction to Chicano and Latino Literature","A&L, IP, US","AL"
"ENG 243","Introduction to Chicano and Latino Literature","A&L, IP, US","IP"
"ENG 243","Introduction to Chicano and Latino Literature","A&L, IP, US","US"
"ENG 244","Introduction to Native American Literature","A&L, IP, US","AL"
"ENG 244","Introduction to Native American Literature","A&L, IP, US","IP"
"ENG 244","Introduction to Native American Literature","A&L, IP, US","US"
"ENG 250","Literature and Digital Culture","A&L","AL"
"ENG 280","Introduction to Comic Studies","A&L","AL"
"ENG 304","English Major Foundations: Context","A&L","AL"
"ENG 305","English Major Foundations: Theory","A&L","AL"
"ENG 315","Women Writers' Cultures: [Topic]","IP","IP"
"ENG 316","Women Writers' Forms: [Topic]","IP, US","IP"
"ENG 316","Women Writers' Forms: [Topic]","IP, US","US"
"ENG 321","English Novel","A&L","AL"
"ENG 322","English Novel","A&L","AL"
"ENG 323","English Novel Conrad to Present","A&L","AL"
"ENG 330","Oral Controversy and Advocacy","A&L","AL"
"ENG 335","Inventing Arguments","A&L","AL"
"ENG 340","Jewish Writers","A&L, IP, GP","AL"
"ENG 340","Jewish Writers","A&L, IP, GP","GP"
"ENG 340","Jewish Writers","A&L, IP, GP","IP"
"ENG 360","African American Writers","IP, US","IP"
"ENG 360","African American Writers","IP, US","US"
"ENG 361","Native American Writers","IP, US","IP"
"ENG 361","Native American Writers","IP, US","US"
"ENG 363","Chicano and Latino Writers","IP, US","IP"
"ENG 363","Chicano and Latino Writers","IP, US","US"
"ENG 365","Global Literatures in English","A&L, IC, GP","AL"
"ENG 365","Global Literatures in English","A&L, IC, GP","GP"
"ENG 365","Global Literatures in English","A&L, IC, GP","IC"
"ENG 381M","Film, Media, and Culture","A&L, IP, GP","AL"
"ENG 381M","Film, Media, and Culture","A&L, IP, GP","GP"
"ENG 381M","Film, Media, and Culture","A&L, IP, GP","IP"
"ENG 385","Graphic Narratives and Cultural Theory","A&L","AL"
"ENG 386","Bodies in Comics","A&L, IP, US","AL"
"ENG 386","Bodies in Comics","A&L, IP, US","IP"
"ENG 386","Bodies in Comics","A&L, IP, US","US"
"ENG 391","American Novel","A&L","AL"
"ENG 392","American Novel","A&L","AL"
"ENG 394","20th-Century Literature","A&L","AL"
"ENG 395","20th-Century Literature","A&L","AL"
"ENG 496","Feminist Film Criticism: [Topic]","IP, US","IP"
"ENG 496","Feminist Film Criticism: [Topic]","IP, US","US"
"ENVS 201","Introduction to Environmental Studies: Social Sciences","SSC","SSC"
"ENVS 202","Introduction to Environmental Studies: Natural Sciences","SC","SC"
"ENVS 203","Introduction to Environmental Studies: Humanities","A&L","AL"
"ENVS 225","Introduction to Food Studies","SSC, IC, GP","GP"
"ENVS 225","Introduction to Food Studies","SSC, IC, GP","IC"
"ENVS 225","Introduction to Food Studies","SSC, IC, GP","SSC"
"ENVS 335","Allocating Scarce Environmental Resources","SSC","SSC"
"ENVS 345","Environmental Ethics","A&L","AL"
"ERTH 101","Exploring Planet Earth","SC","SC"
"ERTH 102","Exploring Earth?s Environment","SC","SC"
"ERTH 103","Exploring Earth History","SC","SC"
"ERTH 110","People, Rocks, and Fire","SC","SC"
"ERTH 137","Mountains and Glaciers","SC","SC"
"ERTH 156M","Scientific Revolutions","SC","SC"
"ERTH 201","Dynamic Planet Earth","SC","SC"
"ERTH 202","Earth's Surface and Environment","SC","SC"
"ERTH 203","History of Life","SC","SC"
"ERTH 213","Geology of National Parks","SC","SC"
"ERTH 304","The Fossil Record","SC","SC"
"ERTH 305","Dinosaurs","SC","SC"
"ERTH 306","Volcanoes and Earthquakes","SC","SC"
"ERTH 307","Oceanography","SC","SC"
"ERTH 308","Geology of Oregon and the Pacific Northwest","SC","SC"
"ERTH 310","Earth Resources and the Environment","SC","SC"
"ERTH 337","Introduction to Physical Oceanography","SC","SC"
"ERTH 353","Geologic Hazards","SC","SC"
"ES 101","Introduction to Ethnic Studies","SSC, AC, US","AC"
"ES 101","Introduction to Ethnic Studies","SSC, AC, US","SSC"
"ES 101","Introduction to Ethnic Studies","SSC, AC, US","US"
"ES 250","Introduction to Black Studies","SSC, AC, US","AC"
"ES 250","Introduction to Black Studies","SSC, AC, US","SSC"
"ES 250","Introduction to Black Studies","SSC, AC, US","US"
"ES 252","Introduction to Asian American Studies","SSC, AC, US","AC"
"ES 252","Introduction to Asian American Studies","SSC, AC, US","SSC"
"ES 252","Introduction to Asian American Studies","SSC, AC, US","US"
"ES 254","Introduction to Chicanx and Latinx Studies","SSC, AC, US","AC"
"ES 254","Introduction to Chicanx and Latinx Studies","SSC, AC, US","SSC"
"ES 254","Introduction to Chicanx and Latinx Studies","SSC, AC, US","US"
"ES 256","Introduction to Native American Studies","SSC, AC, US","AC"
"ES 256","Introduction to Native American Studies","SSC, AC, US","SSC"
"ES 256","Introduction to Native American Studies","SSC, AC, US","US"
"ES 258","Introduction to Pacific Islander Studies","SSC, AC, US","AC"
"ES 258","Introduction to Pacific Islander Studies","SSC, AC, US","SSC"
"ES 258","Introduction to Pacific Islander Studies","SSC, AC, US","US"
"ES 310","Race and Popular Culture: [Topic]","IP, US","IP"
"ES 310","Race and Popular Culture: [Topic]","IP, US","US"
"ES 321","Indigenous Peoples of Oregon","SSC, AC, US","AC"
"ES 321","Indigenous Peoples of Oregon","SSC, AC, US","SSC"
"ES 321","Indigenous Peoples of Oregon","SSC, AC, US","US"
"ES 330","Women of Color: Issues and Concerns","AC, US","AC"
"ES 330","Women of Color: Issues and Concerns","AC, US","US"
"ES 350","Native Americans and the Environment","IP, US","IP"
"ES 350","Native Americans and the Environment","IP, US","US"
"ES 352","Social Equity and Criminal Justice","SSC, IP, US","IP"
"ES 352","Social Equity and Criminal Justice","SSC, IP, US","SSC"
"ES 352","Social Equity and Criminal Justice","SSC, IP, US","US"
"ES 354","Environmental Racism","SSC, AC, US","AC"
"ES 354","Environmental Racism","SSC, AC, US","SSC"
"ES 354","Environmental Racism","SSC, AC, US","US"
"ES 360","Black Sexual Politics","AC, US","AC"
"ES 360","Black Sexual Politics","AC, US","US"
"ES 370","Race, Ethnicity, and Cinema: [Topic]","IP, US","IP"
"ES 370","Race, Ethnicity, and Cinema: [Topic]","IP, US","US"
"ES 380","Race, Migration, and Rights","SSC, AC, US","AC"
"ES 380","Race, Migration, and Rights","SSC, AC, US","SSC"
"ES 380","Race, Migration, and Rights","SSC, AC, US","US"
"ES 440","Race, Literature, and Culture: [Topic]","IP, US","IP"
"ES 440","Race, Literature, and Culture: [Topic]","IP, US","US"
"ES 456","History of Native American Education","IP, US","IP"
"ES 456","History of Native American Education","IP, US","US"
"ES 464","Relational Studies of Indigeneity, Race and Culture: [Topic]","AC, US","AC"
"ES 464","Relational Studies of Indigeneity, Race and Culture: [Topic]","AC, US","US"
"ES 465","Feminist Theories of Race: [Topic]","AC, US","AC"
"ES 465","Feminist Theories of Race: [Topic]","AC, US","US"
"ES 466","Native American Ethnohistory","AC, US","AC"
"ES 466","Native American Ethnohistory","AC, US","US"
"ES 468","Indigenous Research Methods and Ethics","AC, US","AC"
"ES 468","Indigenous Research Methods and Ethics","AC, US","US"
"ES 470","Native American and Indigenous Feminisms","AC, US","AC"
"ES 470","Native American and Indigenous Feminisms","AC, US","US"
"FHS 213","Issues for Children and Families","SSC","SSC"
"FHS 216","Diversity in Human Services","IP, US","IP"
"FHS 216","Diversity in Human Services","IP, US","US"
"FLR 225","Voices of Africa","A&L, IC, GP","AL"
"FLR 225","Voices of Africa","A&L, IC, GP","GP"
"FLR 225","Voices of Africa","A&L, IC, GP","IC"
"FLR 235","Folklore and the Supernatural","A&L","AL"
"FLR 236","Magic in the Middle Ages","A&L","AL"
"FLR 250","Introduction to Folklore","A&L, IP, US","AL"
"FLR 250","Introduction to Folklore","A&L, IP, US","IP"
"FLR 250","Introduction to Folklore","A&L, IP, US","US"
"FLR 255","Folklore and United States Popular Culture","A&L, IP, US","AL"
"FLR 255","Folklore and United States Popular Culture","A&L, IP, US","IP"
"FLR 255","Folklore and United States Popular Culture","A&L, IP, US","US"
"FLR 320","Car Cultures","A&L","AL"
"FLR 350","Folklore and the Bible","A&L","AL"
"FLR 411","Folklore and Religion","IC, GP","GP"
"FLR 411","Folklore and Religion","IC, GP","IC"
"FR 150","Cultural Legacies of France","A&L, IC, GP","AL"
"FR 150","Cultural Legacies of France","A&L, IC, GP","GP"
"FR 150","Cultural Legacies of France","A&L, IC, GP","IC"
"FR 201","Second-Year French","A&L","AL"
"FR 202","Second-Year French","A&L","AL"
"FR 203","Second-Year French","A&L","AL"
"FR 301","La France contemporaine","A&L, IC, GP","AL"
"FR 301","La France contemporaine","A&L, IC, GP","GP"
"FR 301","La France contemporaine","A&L, IC, GP","IC"
"FR 302","Culture et langage: Le monde francophone contemporain","A&L, IC, GP","AL"
"FR 302","Culture et langage: Le monde francophone contemporain","A&L, IC, GP","GP"
"FR 302","Culture et langage: Le monde francophone contemporain","A&L, IC, GP","IC"
"FR 312","French Survey: Francophone Literature","A&L, IC, GP","AL"
"FR 312","French Survey: Francophone Literature","A&L, IC, GP","GP"
"FR 312","French Survey: Francophone Literature","A&L, IC, GP","IC"
"FR 317","French Survey: Medieval and Renaissance","A&L","AL"
"FR 318","Monarchy, Liberty, Revolution","A&L","AL"
"FR 319","French Survey: 19th and 20th Centuries","A&L","AL"
"FR 330","French Poetry","A&L","AL"
"FR 331","French Theater","A&L","AL"
"FR 333","French Narrative","A&L","AL"
"FR 361","French Cinema for Nonmajors","A&L, IC, GP","AL"
"FR 361","French Cinema for Nonmajors","A&L, IC, GP","GP"
"FR 361","French Cinema for Nonmajors","A&L, IC, GP","IC"
"FR 362","French Film","A&L, IC, GP","AL"
"FR 362","French Film","A&L, IC, GP","GP"
"FR 362","French Film","A&L, IC, GP","IC"
"GEOG 141","The Natural Environment","SC","SC"
"GEOG 142","Human Geography","SSC, IC, GP","GP"
"GEOG 142","Human Geography","SSC, IC, GP","IC"
"GEOG 142","Human Geography","SSC, IC, GP","SSC"
"GEOG 181","Our Digital Earth","SSC","SSC"
"GEOG 201","World Regional Geography","SSC, IC, GP","GP"
"GEOG 201","World Regional Geography","SSC, IC, GP","IC"
"GEOG 201","World Regional Geography","SSC, IC, GP","SSC"
"GEOG 202","Geography of Europe","SSC, IC, GP","GP"
"GEOG 202","Geography of Europe","SSC, IC, GP","IC"
"GEOG 202","Geography of Europe","SSC, IC, GP","SSC"
"GEOG 208","Geography of the United States and Canada","SSC, AC, US","AC"
"GEOG 208","Geography of the United States and Canada","SSC, AC, US","SSC"
"GEOG 208","Geography of the United States and Canada","SSC, AC, US","US"
"GEOG 209","Geography of the Middle East and North Africa","SSC, IC, GP","GP"
"GEOG 209","Geography of the Middle East and North Africa","SSC, IC, GP","IC"
"GEOG 209","Geography of the Middle East and North Africa","SSC, IC, GP","SSC"
"GEOG 250","Geographies of Outdoor Adventure","SSC","SSC"
"GEOG 321","Climatology","SC","SC"
"GEOG 322","Geomorphology","SC","SC"
"GEOG 323","Biogeography","SC","SC"
"GEOG 341","Population and Environment","SSC, IC, GP","GP"
"GEOG 341","Population and Environment","SSC, IC, GP","IC"
"GEOG 341","Population and Environment","SSC, IC, GP","SSC"
"GEOG 342","Geography of Globalization","SSC","SSC"
"GEOG 343","Society, Culture, and Place","SSC, IP, GP","GP"
"GEOG 343","Society, Culture, and Place","SSC, IP, GP","IP"
"GEOG 343","Society, Culture, and Place","SSC, IP, GP","SSC"
"GEOG 360","Watershed Science and Policy","SC","SC"
"GEOG 361","Global Environmental Change","SC","SC"
"GEOG 391","Social Science Inquiry and Research","SSC","SSC"
"GEOG 441","Political Geography","IP, GP","GP"
"GEOG 441","Political Geography","IP, GP","IP"
"GEOG 444","Cultural Geography","IP, GP","GP"
"GEOG 444","Cultural Geography","IP, GP","IP"
"GEOG 465","Environment and Development","IC, GP","GP"
"GEOG 465","Environment and Development","IC, GP","IC"
"GEOG 471","North American Historical Landscapes","AC, US","AC"
"GEOG 471","North American Historical Landscapes","AC, US","US"
"GER 201","Second-Year German I","A&L","AL"
"GER 202","Second-Year German II","A&L, GP","AL"
"GER 202","Second-Year German II","A&L, GP","GP"
"GER 203","Second-Year German III","A&L, GP","AL"
"GER 203","Second-Year German III","A&L, GP","GP"
"GER 220M","From Kierkegaard to Kafka","A&L, IC, GP","AL"
"GER 220M","From Kierkegaard to Kafka","A&L, IC, GP","GP"
"GER 220M","From Kierkegaard to Kafka","A&L, IC, GP","IC"
"GER 221","Postwar Germany: Nation Divided","A&L, IC, GP","AL"
"GER 221","Postwar Germany: Nation Divided","A&L, IC, GP","GP"
"GER 221","Postwar Germany: Nation Divided","A&L, IC, GP","IC"
"GER 222","Voices of Dissent in Germany","A&L, IP, GP","AL"
"GER 222","Voices of Dissent in Germany","A&L, IP, GP","GP"
"GER 222","Voices of Dissent in Germany","A&L, IP, GP","IP"
"GER 223","Germany: A Multicultural Society","A&L, IP, GP","AL"
"GER 223","Germany: A Multicultural Society","A&L, IP, GP","GP"
"GER 223","Germany: A Multicultural Society","A&L, IP, GP","IP"
"GER 250","The Culture of Money","A&L, IC, GP","AL"
"GER 250","The Culture of Money","A&L, IC, GP","GP"
"GER 250","The Culture of Money","A&L, IC, GP","IC"
"GER 251","Sexuality","A&L, IP, GP","AL"
"GER 251","Sexuality","A&L, IP, GP","GP"
"GER 251","Sexuality","A&L, IP, GP","IP"
"GER 252","War, Violence, Trauma","A&L, IC, GP","AL"
"GER 252","War, Violence, Trauma","A&L, IC, GP","GP"
"GER 252","War, Violence, Trauma","A&L, IC, GP","IC"
"GER 280M","The Quality of Life in Germany and Scandinavia","A&L, IC, GP","AL"
"GER 280M","The Quality of Life in Germany and Scandinavia","A&L, IC, GP","GP"
"GER 280M","The Quality of Life in Germany and Scandinavia","A&L, IC, GP","IC"
"GER 311","Intermediate Language Training","A&L","AL"
"GER 312","Intermediate Language Training","A&L","AL"
"GER 313","Intermediate Language Training","A&L","AL"
"GER 345M","Food, Culture, and Identity in Germany and Scandinavia","A&L, IC, GP","AL"
"GER 345M","Food, Culture, and Identity in Germany and Scandinavia","A&L, IC, GP","GP"
"GER 345M","Food, Culture, and Identity in Germany and Scandinavia","A&L, IC, GP","IC"
"GER 351","Diversity in Germany","A&L, IP, GP","AL"
"GER 351","Diversity in Germany","A&L, IP, GP","GP"
"GER 351","Diversity in Germany","A&L, IP, GP","IP"
"GER 354","German Gender Studies","A&L, IP, GP","AL"
"GER 354","German Gender Studies","A&L, IP, GP","GP"
"GER 354","German Gender Studies","A&L, IP, GP","IP"
"GER 355","German Cinema: History, Theory, Practice","A&L, IC, GP","AL"
"GER 355","German Cinema: History, Theory, Practice","A&L, IC, GP","GP"
"GER 355","German Cinema: History, Theory, Practice","A&L, IC, GP","IC"
"GER 356","German Fairy Tales","A&L, IC, GP","AL"
"GER 356","German Fairy Tales","A&L, IC, GP","GP"
"GER 356","German Fairy Tales","A&L, IC, GP","IC"
"GER 357","Nature, Culture, and the Environment","A&L, IC, GP","AL"
"GER 357","Nature, Culture, and the Environment","A&L, IC, GP","GP"
"GER 357","Nature, Culture, and the Environment","A&L, IC, GP","IC"
"GER 360","Introduction to German Literature: Poetry, Plays, Prose","A&L","AL"
"GER 361","Introduction to German Literature: Literary Movements","A&L","AL"
"GER 362","Introduction to German Literature: Interpretive Models","A&L","AL"
"GER 366","Themes in German Literature","A&L","AL"
"GER 367","Themes in German Literature","A&L","AL"
"GER 368","Themes in German Literature","A&L","AL"
"GLBL 101","Introduction to International Issues","SSC, IC, GP","GP"
"GLBL 101","Introduction to International Issues","SSC, IC, GP","IC"
"GLBL 101","Introduction to International Issues","SSC, IC, GP","SSC"
"GLBL 102","Foundations for Intercultural Competence","SSC, GP","GP"
"GLBL 102","Foundations for Intercultural Competence","SSC, GP","SSC"
"GLBL 230","Global Wellbeing","SSC, IC, GP","GP"
"GLBL 230","Global Wellbeing","SSC, IC, GP","IC"
"GLBL 230","Global Wellbeing","SSC, IC, GP","SSC"
"GLBL 240","Perspectives on International Development","SSC, IC, GP","GP"
"GLBL 240","Perspectives on International Development","SSC, IC, GP","IC"
"GLBL 240","Perspectives on International Development","SSC, IC, GP","SSC"
"GLBL 250","Value Systems in Cross-Cultural Perspective","SSC, IC, GP","GP"
"GLBL 250","Value Systems in Cross-Cultural Perspective","SSC, IC, GP","IC"
"GLBL 250","Value Systems in Cross-Cultural Perspective","SSC, IC, GP","SSC"
"GLBL 260","Culture, Capitalism, and Globalization","SSC, IC, GP","GP"
"GLBL 260","Culture, Capitalism, and Globalization","SSC, IC, GP","IC"
"GLBL 260","Culture, Capitalism, and Globalization","SSC, IC, GP","SSC"
"GLBL 270","Globalization and the Global Economy","SSC, IC, GP","GP"
"GLBL 270","Globalization and the Global Economy","SSC, IC, GP","IC"
"GLBL 270","Globalization and the Global Economy","SSC, IC, GP","SSC"
"GLBL 280","Global Environmental Issues and Alternatives","SSC","SSC"
"GLBL 323","Islam and Global Forces","IC, GP","GP"
"GLBL 323","Islam and Global Forces","IC, GP","IC"
"GLBL 340","Global Health and Development","SSC, IC, GP","GP"
"GLBL 340","Global Health and Development","SSC, IC, GP","IC"
"GLBL 340","Global Health and Development","SSC, IC, GP","SSC"
"GLBL 345","Africa Today: Issues and Concerns","IC, GP","GP"
"GLBL 345","Africa Today: Issues and Concerns","IC, GP","IC"
"GLBL 350","Education and Development","SSC, GP","GP"
"GLBL 350","Education and Development","SSC, GP","SSC"
"GLBL 360","International Cooperation and Conflict","SSC, IP, GP","GP"
"GLBL 360","International Cooperation and Conflict","SSC, IP, GP","IP"
"GLBL 360","International Cooperation and Conflict","SSC, IP, GP","SSC"
"GLBL 370","International Human Rights","SSC, GP","GP"
"GLBL 370","International Human Rights","SSC, GP","SSC"
"GLBL 415","The Global Story of Race","IC, GP","GP"
"GLBL 415","The Global Story of Race","IC, GP","IC"
"GLBL 421","Gender and International Development","GP","GP"
"GLBL 423","Development and the Muslim World","IC, GP","GP"
"GLBL 423","Development and the Muslim World","IC, GP","IC"
"GLBL 431","Cross-Cultural Communication","IC, GP","GP"
"GLBL 431","Cross-Cultural Communication","IC, GP","IC"
"GLBL 432","Indigenous Cultural Survival","IC, GP","GP"
"GLBL 432","Indigenous Cultural Survival","IC, GP","IC"
"GLBL 433","Childhood in Cross-Cultural Perspective","IP, GP","GP"
"GLBL 433","Childhood in Cross-Cultural Perspective","IP, GP","IP"
"GLBL 442","South Asia: Development and Social Change","IC, GP","GP"
"GLBL 442","South Asia: Development and Social Change","IC, GP","IC"
"GLBL 444","Development and Social Change in Southeast Asia","IC, GP","GP"
"GLBL 444","Development and Social Change in Southeast Asia","IC, GP","IC"
"GLBL 445","Development and Social Change in Sub-Saharan Africa","IC, GP","GP"
"GLBL 445","Development and Social Change in Sub-Saharan Africa","IC, GP","IC"
"GRK 301","Authors: [Topic]","A&L","AL"
"GRK 302","Authors: [Topic]","A&L","AL"
"GRK 303","Authors: [Topic]","A&L","AL"
"HC 221H","Arts and Letters Inquiry: [Topic]","A&L","AL"
"HC 222H","Honors College Arts and Letters","A&L","AL"
"HC 223H","Honors College Arts and Letters","A&L","AL"
"HC 231H","Social Science Inquiry: [Topic]","SSC","SSC"
"HC 232H","Honors College Social Science","SSC","SSC"
"HC 233H","Honors College Social Science","SSC","SSC"
"HC 241H","Scientific Inquiry: [Topic]","SC","SC"
"HC 434H","Honors College Global Perspectives Colloquium: [Topic]","IC, GP","GP"
"HC 434H","Honors College Global Perspectives Colloquium: [Topic]","IC, GP","IC"
"HC 444H","HC US: Difference, Inequality, Agency Colloquium: [Topic]","AC, US","AC"
"HC 444H","HC US: Difference, Inequality, Agency Colloquium: [Topic]","AC, US","US"
"HIST 102","Making Modern Europe","SSC","SSC"
"HIST 103","Europe and the World","SSC","SSC"
"HIST 104","World History","SSC, IC, GP","GP"
"HIST 104","World History","SSC, IC, GP","IC"
"HIST 104","World History","SSC, IC, GP","SSC"
"HIST 105","World History","SSC, IC, GP","GP"
"HIST 105","World History","SSC, IC, GP","IC"
"HIST 105","World History","SSC, IC, GP","SSC"
"HIST 106","World History","SSC, IC, GP","GP"
"HIST 106","World History","SSC, IC, GP","IC"
"HIST 106","World History","SSC, IC, GP","SSC"
"HIST 186","Cultures of India","SSC, IC, GP","GP"
"HIST 186","Cultures of India","SSC, IC, GP","IC"
"HIST 186","Cultures of India","SSC, IC, GP","SSC"
"HIST 190","Foundations of East Asian Civilizations","SSC, IC, GP","GP"
"HIST 190","Foundations of East Asian Civilizations","SSC, IC, GP","IC"
"HIST 190","Foundations of East Asian Civilizations","SSC, IC, GP","SSC"
"HIST 191","China, Past and Present","SSC, IC, GP","GP"
"HIST 191","China, Past and Present","SSC, IC, GP","IC"
"HIST 191","China, Past and Present","SSC, IC, GP","SSC"
"HIST 192","Japan, Past and Present","SSC, IC, GP","GP"
"HIST 192","Japan, Past and Present","SSC, IC, GP","IC"
"HIST 192","Japan, Past and Present","SSC, IC, GP","SSC"
"HIST 201","Inventing America","SSC, AC, US","AC"
"HIST 201","Inventing America","SSC, AC, US","SSC"
"HIST 201","Inventing America","SSC, AC, US","US"
"HIST 202","Building the United States","SSC, AC, US","AC"
"HIST 202","Building the United States","SSC, AC, US","SSC"
"HIST 202","Building the United States","SSC, AC, US","US"
"HIST 203","American Century","SSC, AC, US","AC"
"HIST 203","American Century","SSC, AC, US","SSC"
"HIST 203","American Century","SSC, AC, US","US"
"HIST 211","Reacting to the Past","SSC","SSC"
"HIST 215","Food in World History","SSC, IC, GP","GP"
"HIST 215","Food in World History","SSC, IC, GP","IC"
"HIST 215","Food in World History","SSC, IC, GP","SSC"
"HIST 221","Sex in History","SSC, IP, GP","GP"
"HIST 221","Sex in History","SSC, IP, GP","IP"
"HIST 221","Sex in History","SSC, IP, GP","SSC"
"HIST 240","War in the Modern World I","SSC","SSC"
"HIST 241","War in the Modern World II","SSC","SSC"
"HIST 245","Russia, America, and the World","SSC","SSC"
"HIST 248","Latinos in the Americas","SSC, AC, US","AC"
"HIST 248","Latinos in the Americas","SSC, AC, US","SSC"
"HIST 248","Latinos in the Americas","SSC, AC, US","US"
"HIST 250","African American History","SSC, AC, US","AC"
"HIST 250","African American History","SSC, AC, US","SSC"
"HIST 250","African American History","SSC, AC, US","US"
"HIST 251","African American History","SSC, AC, US","AC"
"HIST 251","African American History","SSC, AC, US","SSC"
"HIST 251","African American History","SSC, AC, US","US"
"HIST 273","Introduction to Global Environmental History","SSC, IC, GP","GP"
"HIST 273","Introduction to Global Environmental History","SSC, IC, GP","IC"
"HIST 273","Introduction to Global Environmental History","SSC, IC, GP","SSC"
"HIST 286","Cities in India and South Asia","SSC, IP, GP","GP"
"HIST 286","Cities in India and South Asia","SSC, IP, GP","IP"
"HIST 286","Cities in India and South Asia","SSC, IP, GP","SSC"
"HIST 301","Modern Europe","SSC","SSC"
"HIST 302","Modern Europe","SSC","SSC"
"HIST 303","Modern Europe","SSC","SSC"
"HIST 308","History of Women in the United States I","SSC, US","SSC"
"HIST 308","History of Women in the United States I","SSC, US","US"
"HIST 309","History of Women in the United States II","SSC, IP, US","IP"
"HIST 309","History of Women in the United States II","SSC, IP, US","SSC"
"HIST 309","History of Women in the United States II","SSC, IP, US","US"
"HIST 317","Migrants and Refugees in Modern World History","SSC, IC, GP","GP"
"HIST 317","Migrants and Refugees in Modern World History","SSC, IC, GP","IC"
"HIST 317","Migrants and Refugees in Modern World History","SSC, IC, GP","SSC"
"HIST 320","High Middle Ages in Europe","SSC","SSC"
"HIST 321","Late Middle Ages in Europe","SSC","SSC"
"HIST 325","Precolonial Africa","SSC, IC, GP","GP"
"HIST 325","Precolonial Africa","SSC, IC, GP","IC"
"HIST 325","Precolonial Africa","SSC, IC, GP","SSC"
"HIST 326","Colonial and Postcolonial Africa","SSC, IC, GP","GP"
"HIST 326","Colonial and Postcolonial Africa","SSC, IC, GP","IC"
"HIST 326","Colonial and Postcolonial Africa","SSC, IC, GP","SSC"
"HIST 340","US Military History","SSC","SSC"
"HIST 346","Imperial Russia","SSC, IC, GP","GP"
"HIST 346","Imperial Russia","SSC, IC, GP","IC"
"HIST 346","Imperial Russia","SSC, IC, GP","SSC"
"HIST 347","Soviet Union and Contemporary Russia","SSC, IC, GP","GP"
"HIST 347","Soviet Union and Contemporary Russia","SSC, IC, GP","IC"
"HIST 347","Soviet Union and Contemporary Russia","SSC, IC, GP","SSC"
"HIST 352","The United States in the 1960s","SSC","SSC"
"HIST 361","Early Modern Science","SSC","SSC"
"HIST 362","History of US Cities","SSC, AC, US","AC"
"HIST 362","History of US Cities","SSC, AC, US","SSC"
"HIST 362","History of US Cities","SSC, AC, US","US"
"HIST 368","American West in Popular Culture","SSC, AC, US","AC"
"HIST 368","American West in Popular Culture","SSC, AC, US","SSC"
"HIST 368","American West in Popular Culture","SSC, AC, US","US"
"HIST 378","American Environmental History to 1890","SSC, AC, US","AC"
"HIST 378","American Environmental History to 1890","SSC, AC, US","SSC"
"HIST 378","American Environmental History to 1890","SSC, AC, US","US"
"HIST 379","American Environmental History, 1890-Present","SSC, AC, US","AC"
"HIST 379","American Environmental History, 1890-Present","SSC, AC, US","SSC"
"HIST 379","American Environmental History, 1890-Present","SSC, AC, US","US"
"HIST 380","Latin America","SSC, IC, GP","GP"
"HIST 380","Latin America","SSC, IC, GP","IC"
"HIST 380","Latin America","SSC, IC, GP","SSC"
"HIST 381","Latin America","SSC, IC, GP","GP"
"HIST 381","Latin America","SSC, IC, GP","IC"
"HIST 381","Latin America","SSC, IC, GP","SSC"
"HIST 382","Latin America, 1910 to the Present","SSC, IC, GP","GP"
"HIST 382","Latin America, 1910 to the Present","SSC, IC, GP","IC"
"HIST 382","Latin America, 1910 to the Present","SSC, IC, GP","SSC"
"HIST 383","Soccer and Society in Latin America","SSC, IC, GP","GP"
"HIST 383","Soccer and Society in Latin America","SSC, IC, GP","IC"
"HIST 383","Soccer and Society in Latin America","SSC, IC, GP","SSC"
"HIST 386","India","IP, GP","GP"
"HIST 386","India","IP, GP","IP"
"HIST 387","Early China","SSC, IC, GP","GP"
"HIST 387","Early China","SSC, IC, GP","IC"
"HIST 387","Early China","SSC, IC, GP","SSC"
"HIST 388","Vietnam War and the United States","IP, US","IP"
"HIST 388","Vietnam War and the United States","IP, US","US"
"HIST 396","Samurai in Film","SSC, IC, GP","GP"
"HIST 396","Samurai in Film","SSC, IC, GP","IC"
"HIST 396","Samurai in Film","SSC, IC, GP","SSC"
"HIST 414","Ancient Rome: [Topic]","IP, GP","GP"
"HIST 414","Ancient Rome: [Topic]","IP, GP","IP"
"HIST 415","Advanced World History: [Topic]","IC, GP","GP"
"HIST 415","Advanced World History: [Topic]","IC, GP","IC"
"HIST 416","Advanced Women's History: [Topic]","IC, GP","GP"
"HIST 416","Advanced Women's History: [Topic]","IC, GP","IC"
"HIST 417","Society and Culture in Modern Africa: [Topic]","IC, GP","GP"
"HIST 417","Society and Culture in Modern Africa: [Topic]","IC, GP","IC"
"HIST 444","The Holocaust","IP, GP","GP"
"HIST 444","The Holocaust","IP, GP","IP"
"HIST 446","Modern Russia: [Topic]","IC, GP","GP"
"HIST 446","Modern Russia: [Topic]","IC, GP","IC"
"HIST 449","Race and Ethnicity in the American West","AC, US","AC"
"HIST 449","Race and Ethnicity in the American West","AC, US","US"
"HIST 455","Colonial American History","AC, US","AC"
"HIST 455","Colonial American History","AC, US","US"
"HIST 469","American Indian History: [Topic]","IP, US","IP"
"HIST 469","American Indian History: [Topic]","IP, US","US"
"HIST 483","Latin America: [Topic]","IC, GP","GP"
"HIST 483","Latin America: [Topic]","IC, GP","IC"
"HIST 487","China: [Topic]","IC, GP","GP"
"HIST 487","China: [Topic]","IC, GP","IC"
"HIST 490","Japan: [Topic]","IC, GP","GP"
"HIST 490","Japan: [Topic]","IC, GP","IC"
"HIST 491","Medicine and Society in Premodern Japan","IC, GP","GP"
"HIST 491","Medicine and Society in Premodern Japan","IC, GP","IC"
"HIST 497","Culture, Modernity, and Revolution in China: [Topic]","IC, GP","GP"
"HIST 497","Culture, Modernity, and Revolution in China: [Topic]","IC, GP","IC"
"HIST 498","Early Japanese Culture and Society: [Topic]","IC, GP","GP"
"HIST 498","Early Japanese Culture and Society: [Topic]","IC, GP","IC"
"HPHY 105","Principles of Nutrition","SC","SC"
"HPHY 212","Scientific Investigation in Physiology","SC","SC"
"HUM 101","Introduction to the Humanities I","A&L","AL"
"HUM 102","Introduction to the Humanities II","A&L","AL"
"HUM 103","Introduction to the Humanities III","A&L","AL"
"HUM 240","Medical Humanities","A&L","AL"
"HUM 245","Food, Art, and Literature","A&L","AL"
"HUM 260","Postwar European Culture","A&L","AL"
"HUM 300","Themes in the Humanities","A&L","AL"
"HUM 361","Ancient Science and Culture","A&L","AL"
"ICH 201","Second-Year Ichishki'in","A&L","AL"
"ICH 202","Second-Year Ichishki'in","A&L","AL"
"ICH 203","Second-Year Ichishki'in","A&L","AL"
"ITAL 150","Cultural Legacies of Italy","A&L, IC, GP","AL"
"ITAL 150","Cultural Legacies of Italy","A&L, IC, GP","GP"
"ITAL 150","Cultural Legacies of Italy","A&L, IC, GP","IC"
"ITAL 152","Desire and Resistance: Italian Cinema","A&L, IC, GP","AL"
"ITAL 152","Desire and Resistance: Italian Cinema","A&L, IC, GP","GP"
"ITAL 152","Desire and Resistance: Italian Cinema","A&L, IC, GP","IC"
"ITAL 201","Second-Year Italian","A&L","AL"
"ITAL 202","Second-Year Italian","A&L","AL"
"ITAL 203","Second-Year Italian","A&L","AL"
"ITAL 252","The Italian-American Experience","A&L, AC, US","AC"
"ITAL 252","The Italian-American Experience","A&L, AC, US","AL"
"ITAL 252","The Italian-American Experience","A&L, AC, US","US"
"ITAL 301","Cultura e lingua: l'Italia contemporanea","A&L, IC, GP","AL"
"ITAL 301","Cultura e lingua: l'Italia contemporanea","A&L, IC, GP","GP"
"ITAL 301","Cultura e lingua: l'Italia contemporanea","A&L, IC, GP","IC"
"ITAL 303","Cultura e lingua: societa, economia, politica","A&L, IC, GP","AL"
"ITAL 303","Cultura e lingua: societa, economia, politica","A&L, IC, GP","GP"
"ITAL 303","Cultura e lingua: societa, economia, politica","A&L, IC, GP","IC"
"ITAL 305","Cultura e lingua: arte, musica, i mass media","A&L, IC, GP","AL"
"ITAL 305","Cultura e lingua: arte, musica, i mass media","A&L, IC, GP","GP"
"ITAL 305","Cultura e lingua: arte, musica, i mass media","A&L, IC, GP","IC"
"ITAL 306","La cultura culinaria","A&L, IC, GP","AL"
"ITAL 306","La cultura culinaria","A&L, IC, GP","GP"
"ITAL 306","La cultura culinaria","A&L, IC, GP","IC"
"ITAL 317","Italian Survey: Medieval and Renaissance","A&L","AL"
"ITAL 318","Italian Survey: Baroque and Enlightenment","A&L","AL"
"ITAL 319","Italian Survey: 19th and 20th Centuries","A&L","AL"
"ITAL 350","Global Histories of Italian Food","A&L, IC, GP","AL"
"ITAL 350","Global Histories of Italian Food","A&L, IC, GP","GP"
"ITAL 350","Global Histories of Italian Food","A&L, IC, GP","IC"
"J 201","Media and Society","SSC","SSC"
"J 320","Gender, Media, and Diversity","IP, US","IP"
"J 320","Gender, Media, and Diversity","IP, US","US"
"J 385","Communication Law","SSC","SSC"
"J 387","Media History","SSC","SSC"
"J 397","Media Ethics","A&L","AL"
"JDST 212","Medieval and Early Modern Judaism","A&L, IP, GP","AL"
"JDST 212","Medieval and Early Modern Judaism","A&L, IP, GP","GP"
"JDST 212","Medieval and Early Modern Judaism","A&L, IP, GP","IP"
"JDST 213","The Jewish Encounter with Modernity","A&L, IP, US","AL"
"JDST 213","The Jewish Encounter with Modernity","A&L, IP, US","IP"
"JDST 213","The Jewish Encounter with Modernity","A&L, IP, US","US"
"JDST 330","American Jewish Cultures","SSC, IP, US","IP"
"JDST 330","American Jewish Cultures","SSC, IP, US","SSC"
"JDST 330","American Jewish Cultures","SSC, IP, US","US"
"JDST 352","Jewish Literature and Culture","A&L","AL"
"JDST 353","Jewish Image and Media","A&L, US","AL"
"JDST 353","Jewish Image and Media","A&L, US","US"
"JDST 354","Jewish Thought and History","A&L","AL"
"JPN 201","Second-Year Japanese","A&L","AL"
"JPN 202","Second-Year Japanese","A&L","AL"
"JPN 203","Second-Year Japanese","A&L","AL"
"JPN 250","Manga Millennium","A&L, IC, GP","AL"
"JPN 250","Manga Millennium","A&L, IC, GP","GP"
"JPN 250","Manga Millennium","A&L, IC, GP","IC"
"JPN 301","Third-Year Japanese","A&L","AL"
"JPN 302","Third-Year Japanese","A&L","AL"
"JPN 303","Third-Year Japanese","A&L","AL"
"JPN 305","Introduction to Japanese Literature","A&L, IC, GP","AL"
"JPN 305","Introduction to Japanese Literature","A&L, IC, GP","GP"
"JPN 305","Introduction to Japanese Literature","A&L, IC, GP","IC"
"JPN 306","Introduction to Japanese Literature","A&L, IC, GP","AL"
"JPN 306","Introduction to Japanese Literature","A&L, IC, GP","GP"
"JPN 306","Introduction to Japanese Literature","A&L, IC, GP","IC"
"JPN 307","Introduction to Japanese Literature","A&L, IC, GP","AL"
"JPN 307","Introduction to Japanese Literature","A&L, IC, GP","GP"
"JPN 307","Introduction to Japanese Literature","A&L, IC, GP","IC"
"JPN 315","Introduction to Japanese Linguistics","A&L, IC, GP","AL"
"JPN 315","Introduction to Japanese Linguistics","A&L, IC, GP","GP"
"JPN 315","Introduction to Japanese Linguistics","A&L, IC, GP","IC"
"JPN 425","Modern Japanese Literature: [Topic]","IC, GP","GP"
"JPN 425","Modern Japanese Literature: [Topic]","IC, GP","IC"
"JPN 437","Classical Japanese Literary Language","IC, GP","GP"
"JPN 437","Classical Japanese Literary Language","IC, GP","IC"
"JPN 471","The Japanese Cinema","IC, GP","GP"
"JPN 471","The Japanese Cinema","IC, GP","IC"
"KRN 151M","Introduction to Korean Cinema","A&L, IC, GP","AL"
"KRN 151M","Introduction to Korean Cinema","A&L, IC, GP","GP"
"KRN 151M","Introduction to Korean Cinema","A&L, IC, GP","IC"
"KRN 201","Second-Year Korean","A&L","AL"
"KRN 202","Second-Year Korean","A&L","AL"
"KRN 203","Second-Year Korean","A&L","AL"
"KRN 301","Third Year Korean","A&L","AL"
"KRN 302","Third-Year Korean","A&L","AL"
"KRN 303","Third-Year Korean","A&L","AL"
"KRN 309","Languages and Cultural Formation in Korea","A&L, IC, GP","AL"
"KRN 309","Languages and Cultural Formation in Korea","A&L, IC, GP","GP"
"KRN 309","Languages and Cultural Formation in Korea","A&L, IC, GP","IC"
"KRN 315","Introduction to Korean Linguistics","A&L, IC, GP","AL"
"KRN 315","Introduction to Korean Linguistics","A&L, IC, GP","GP"
"KRN 315","Introduction to Korean Linguistics","A&L, IC, GP","IC"
"KRN 361","Korean Popular Culture and Transnationalism","A&L, IC, GP","AL"
"KRN 361","Korean Popular Culture and Transnationalism","A&L, IC, GP","GP"
"KRN 361","Korean Popular Culture and Transnationalism","A&L, IC, GP","IC"
"KRN 362M","Contemporary Korean Film","A&L, IC, GP","AL"
"KRN 362M","Contemporary Korean Film","A&L, IC, GP","GP"
"KRN 362M","Contemporary Korean Film","A&L, IC, GP","IC"
"LA 260","Understanding Landscapes","A&L","AL"
"LA 375","Contemporary American Landscape","A&L","AL"
"LAS 200","Introduction to Latin American Studies","IC, GP","GP"
"LAS 200","Introduction to Latin American Studies","IC, GP","IC"
"LAS 211","Latin American Humanities: [Topic]","IC, GP","GP"
"LAS 211","Latin American Humanities: [Topic]","IC, GP","IC"
"LAT 301","Authors: [Topic]","A&L","AL"
"LAT 302","Authors: [Topic]","A&L","AL"
"LAT 303","Authors: [Topic]","A&L","AL"
"LAW 102","Introduction to Criminal Law","SSC","SSC"
"LAW 104","Introduction to Business Law","SSC","SSC"
"LAW 201","Introduction to Environmental Law and Policy","SSC","SSC"
"LAW 202","Introduction to Public International Law","SSC","SSC"
"LAW 203","Controversies in Constitutional Law","SSC","SSC"
"LAW 204","Immigration and Citizenship","SSC, IP, US","IP"
"LAW 204","Immigration and Citizenship","SSC, IP, US","SSC"
"LAW 204","Immigration and Citizenship","SSC, IP, US","US"
"LAW 301","Youth and Social Change","SSC, IP, US","IP"
"LAW 301","Youth and Social Change","SSC, IP, US","SSC"
"LAW 301","Youth and Social Change","SSC, IP, US","US"
"LING 101","Introduction to Language","SSC","SSC"
"LING 144","Learning How To Learn Languages","SSC","SSC"
"LING 150","Structure of English Words","A&L","AL"
"LING 201","Language and Power in the United States","SSC, IP, US","IP"
"LING 201","Language and Power in the United States","SSC, IP, US","SSC"
"LING 201","Language and Power in the United States","SSC, IP, US","US"
"LING 211","Languages of the World","SSC, IC, GP","GP"
"LING 211","Languages of the World","SSC, IC, GP","IC"
"LING 211","Languages of the World","SSC, IC, GP","SSC"
"LING 225","Writing Systems","A&L","AL"
"LING 294","Child Language","SSC","SSC"
"LING 296","Language and Society in the United States","SSC, AC, US","AC"
"LING 296","Language and Society in the United States","SSC, AC, US","SSC"
"LING 296","Language and Society in the United States","SSC, AC, US","US"
"LING 297","Introduction to Bilingualism","SSC, IP, US","IP"
"LING 297","Introduction to Bilingualism","SSC, IP, US","SSC"
"LING 297","Introduction to Bilingualism","SSC, IP, US","US"
"LING 301","Introduction to Linguistics Analysis","SSC","SSC"
"LING 302","Introduction to Linguistic Behavior","SSC","SSC"
"LING 312","Morphosyntax","SSC","SSC"
"LING 491","Sociolinguistics","IP, GP","GP"
"LING 491","Sociolinguistics","IP, GP","IP"
"MATH 105Z","Math in Society","SC","SC"
"MATH 106","University Mathematics II","SC","SC"
"MATH 107","University Mathematics III","SC","SC"
"MATH 211","Fundamentals of Elementary Mathematics I","SC","SC"
"MATH 212","Fundamentals of Elementary Mathematics II","SC","SC"
"MATH 213","Fundamentals of Elementary Mathematics III","SC","SC"
"MATH 231","Elements of Discrete Mathematics I","SC","SC"
"MATH 232","Elements of Discrete Mathematics II","SC","SC"
"MATH 241","Calculus for Business and Social Science I","SC","SC"
"MATH 242","Calculus for Business and Social Science II","SC","SC"
"MATH 246","Calculus for the Biological Sciences I","SC","SC"
"MATH 247","Calculus for the Biological Sciences II","SC","SC"
"MATH 251","Calculus I","SC","SC"
"MATH 252","Calculus II","SC","SC"
"MATH 253","Calculus III","SC","SC"
"MATH 261","Calculus with Theory I","SC","SC"
"MATH 262","Calculus with Theory II","SC","SC"
"MATH 263","Calculus with Theory III","SC","SC"
"MATH 307","Introduction to Proof","SC","SC"
"MATH 343","Statistical Models and Methods","SC","SC"
"MENA 111","Media Coverage of the Middle East","A&L, IC, GP","AL"
"MENA 111","Media Coverage of the Middle East","A&L, IC, GP","GP"
"MENA 111","Media Coverage of the Middle East","A&L, IC, GP","IC"
"MUJ 350","History of Jazz, 1900?1950","A&L, AC, US","AC"
"MUJ 350","History of Jazz, 1900?1950","A&L, AC, US","AL"
"MUJ 350","History of Jazz, 1900?1950","A&L, AC, US","US"
"MUJ 351","History of Jazz, 1940 to Present","A&L, AC, US","AC"
"MUJ 351","History of Jazz, 1940 to Present","A&L, AC, US","AL"
"MUJ 351","History of Jazz, 1940 to Present","A&L, AC, US","US"
"MUS 125","Understanding Music","A&L","AL"
"MUS 141","Popular Piano and Musicianship I","AC, US","AC"
"MUS 141","Popular Piano and Musicianship I","AC, US","US"
"MUS 151","Popular Songwriting","A&L, AC, US","AC"
"MUS 151","Popular Songwriting","A&L, AC, US","AL"
"MUS 151","Popular Songwriting","A&L, AC, US","US"
"MUS 227","Elements of Electronic Music","A&L","AL"
"MUS 250","Popular Musics in Global Context","IP, GP","GP"
"MUS 250","Popular Musics in Global Context","IP, GP","IP"
"MUS 263","US Popular Music 1800 to 1930","A&L, AC, US","AC"
"MUS 263","US Popular Music 1800 to 1930","A&L, AC, US","AL"
"MUS 263","US Popular Music 1800 to 1930","A&L, AC, US","US"
"MUS 264","US Popular Music 1930 to 1965","A&L, AC, US","AC"
"MUS 264","US Popular Music 1930 to 1965","A&L, AC, US","AL"
"MUS 264","US Popular Music 1930 to 1965","A&L, AC, US","US"
"MUS 265","US Popular Music 1965 to 2000","A&L, AC, US","AC"
"MUS 265","US Popular Music 1965 to 2000","A&L, AC, US","AL"
"MUS 265","US Popular Music 1965 to 2000","A&L, AC, US","US"
"MUS 270","History of the Blues","A&L, AC, US","AC"
"MUS 270","History of the Blues","A&L, AC, US","AL"
"MUS 270","History of the Blues","A&L, AC, US","US"
"MUS 281","Music of the Woodstock Generation","IP, US","IP"
"MUS 281","Music of the Woodstock Generation","IP, US","US"
"MUS 351","The Music of Bach and Handel","A&L","AL"
"MUS 358","Music in World Cultures","A&L, IC, GP","AL"
"MUS 358","Music in World Cultures","A&L, IC, GP","GP"
"MUS 358","Music in World Cultures","A&L, IC, GP","IC"
"MUS 359","Music of the Americas","A&L, AC, US","AC"
"MUS 359","Music of the Americas","A&L, AC, US","AL"
"MUS 359","Music of the Americas","A&L, AC, US","US"
"MUS 360","Hip-Hop Music: History, Culture, Aesthetics","A&L, AC, US","AC"
"MUS 360","Hip-Hop Music: History, Culture, Aesthetics","A&L, AC, US","AL"
"MUS 360","Hip-Hop Music: History, Culture, Aesthetics","A&L, AC, US","US"
"MUS 363","The Beatles and Their Times","A&L","AL"
"MUS 365","Regional Ethnomusicology: [Topic]","IC, GP","GP"
"MUS 365","Regional Ethnomusicology: [Topic]","IC, GP","IC"
"MUS 367","Survey of African Music","A&L, IC, GP","AL"
"MUS 367","Survey of African Music","A&L, IC, GP","GP"
"MUS 367","Survey of African Music","A&L, IC, GP","IC"
"MUS 380","Film Music","A&L","AL"
"MUS 382","American Musical Theater","A&L","AL"
"MUS 436","World Music Ensemble: [Topic]","GP","GP"
"MUS 451","Introduction to Ethnomusicology","IC, GP","GP"
"MUS 451","Introduction to Ethnomusicology","IC, GP","IC"
"MUS 452","Musical Instruments of the World","IC, GP","GP"
"MUS 452","Musical Instruments of the World","IC, GP","IC"
"MUS 462","Popular Musics in the African Diaspora","IP, GP","GP"
"MUS 462","Popular Musics in the African Diaspora","IP, GP","IP"
"PHIL 101","Philosophical Problems","A&L","AL"
"PHIL 102","Ethics","A&L, AC, US","AC"
"PHIL 102","Ethics","A&L, AC, US","AL"
"PHIL 102","Ethics","A&L, AC, US","US"
"PHIL 103","Critical Reasoning","A&L","AL"
"PHIL 104","History of Western Philosophy","A&L","AL"
"PHIL 110","Human Nature","A&L, IP, GP","AL"
"PHIL 110","Human Nature","A&L, IP, GP","GP"
"PHIL 110","Human Nature","A&L, IP, GP","IP"
"PHIL 120","Ethics of Enterprise and Exchange","A&L","AL"
"PHIL 123","Internet, Society, and Philosophy","SSC","SSC"
"PHIL 130","Philosophy and Popular Culture","A&L","AL"
"PHIL 135","Ethics in the Life Sciences","A&L","AL"
"PHIL 170","Love and Sex","A&L, IP, GP","AL"
"PHIL 170","Love and Sex","A&L, IP, GP","GP"
"PHIL 170","Love and Sex","A&L, IP, GP","IP"
"PHIL 211","Existentialism","A&L","AL"
"PHIL 216","Philosophy and Cultural Diversity","A&L, AC, US","AC"
"PHIL 216","Philosophy and Cultural Diversity","A&L, AC, US","AL"
"PHIL 216","Philosophy and Cultural Diversity","A&L, AC, US","US"
"PHIL 220","Food Ethics","A&L","AL"
"PHIL 223","Data Ethics","SSC","SSC"
"PHIL 225","Introduction to Formal Logic","A&L","AL"
"PHIL 307","Social and Political Philosophy","SSC","SSC"
"PHIL 309","Global Justice","SSC, IC, GP","GP"
"PHIL 309","Global Justice","SSC, IC, GP","IC"
"PHIL 309","Global Justice","SSC, IC, GP","SSC"
"PHIL 310","History of Philosophy: Ancient and Medieval","A&L","AL"
"PHIL 311","History of Philosophy: Modern","A&L","AL"
"PHIL 312","History of Philosophy: 19th Century","A&L","AL"
"PHIL 315","Introduction to Feminist Philosophy","A&L, US","AL"
"PHIL 315","Introduction to Feminist Philosophy","A&L, US","US"
"PHIL 322","Philosophy of the Arts","A&L","AL"
"PHIL 332","Philosophy of Film","A&L","AL"
"PHIL 335","Medical Ethics","A&L","AL"
"PHIL 339","Introduction to Philosophy of Science","SSC","SSC"
"PHIL 340","Environmental Philosophy","A&L, IC, GP","AL"
"PHIL 340","Environmental Philosophy","A&L, IC, GP","GP"
"PHIL 340","Environmental Philosophy","A&L, IC, GP","IC"
"PHIL 341","African Philosophy","A&L, GP","AL"
"PHIL 341","African Philosophy","A&L, GP","GP"
"PHIL 342","Introduction to Latin American Philosophy","A&L, IC, GP","AL"
"PHIL 342","Introduction to Latin American Philosophy","A&L, IC, GP","GP"
"PHIL 342","Introduction to Latin American Philosophy","A&L, IC, GP","IC"
"PHIL 343","Critical Theory","SSC, IP, GP","GP"
"PHIL 343","Critical Theory","SSC, IP, GP","IP"
"PHIL 343","Critical Theory","SSC, IP, GP","SSC"
"PHIL 344","Introduction to Philosophy of Law","SSC","SSC"
"PHIL 345","Place in the Cosmos","A&L","AL"
"PHIL 452","Philosophy and Race","IP, US","IP"
"PHIL 452","Philosophy and Race","IP, US","US"
"PHYS 101","Essentials of Physics","SC","SC"
"PHYS 152","Physics of Sound and Music","SC","SC"
"PHYS 153","Physics of Light, Color, and Vision","SC","SC"
"PHYS 155","Physics behind the Internet","SC","SC"
"PHYS 156M","Scientific Revolutions","SC","SC"
"PHYS 161","Physics of Energy and Environment","SC","SC"
"PHYS 162","Solar and Other Renewable Energies","SC","SC"
"PHYS 171","The Physics of Life","SC","SC"
"PHYS 181","Quantum Mechanics for Everyone","SC","SC"
"PHYS 201","General Physics","SC","SC"
"PHYS 202","General Physics","SC","SC"
"PHYS 203","General Physics","SC","SC"
"PHYS 251","Foundations of Physics I","SC","SC"
"PHYS 252","Foundations of Physics I","SC","SC"
"PHYS 253","Foundations of Physics I","SC","SC"
"PORT 201","Second Year Portuguese","A&L","AL"
"PORT 202","Second-Year Portuguese","A&L","AL"
"PORT 203","Second-Year Portuguese","A&L","AL"
"PORT 301","Cultura e Lingua: Expressoes Artisticas","A&L, IC, GP","AL"
"PORT 301","Cultura e Lingua: Expressoes Artisticas","A&L, IC, GP","GP"
"PORT 301","Cultura e Lingua: Expressoes Artisticas","A&L, IC, GP","IC"
"PORT 305","Cultura e lingua: Brasil ontem e hoje","A&L, IC, GP","AL"
"PORT 305","Cultura e lingua: Brasil ontem e hoje","A&L, IC, GP","GP"
"PORT 305","Cultura e lingua: Brasil ontem e hoje","A&L, IC, GP","IC"
"PPPM 101","Advocacy and Social Change","SSC, AC, US","AC"
"PPPM 101","Advocacy and Social Change","SSC, AC, US","SSC"
"PPPM 101","Advocacy and Social Change","SSC, AC, US","US"
"PPPM 201","Introduction to Public Policy","SSC, AC, US","AC"
"PPPM 201","Introduction to Public Policy","SSC, AC, US","SSC"
"PPPM 201","Introduction to Public Policy","SSC, AC, US","US"
"PPPM 202","Healthy Communities","SSC, AC, US","AC"
"PPPM 202","Healthy Communities","SSC, AC, US","SSC"
"PPPM 202","Healthy Communities","SSC, AC, US","US"
"PPPM 205","Introduction to City Planning","SSC","SSC"
"PPPM 250","Arts and Human Values","A&L, AC, US","AC"
"PPPM 250","Arts and Human Values","A&L, AC, US","AL"
"PPPM 250","Arts and Human Values","A&L, AC, US","US"
"PPPM 280","Introduction to the Nonprofit Sector","SSC","SSC"
"PPPM 321","Inclusive Urbanism","SSC, AC, US","AC"
"PPPM 321","Inclusive Urbanism","SSC, AC, US","SSC"
"PPPM 321","Inclusive Urbanism","SSC, AC, US","US"
"PPPM 340","Climate-Change Policy","SSC","SSC"
"PPPM 360","International Public Policy","SSC, IC, GP","GP"
"PPPM 360","International Public Policy","SSC, IC, GP","IC"
"PPPM 360","International Public Policy","SSC, IC, GP","SSC"
"PPPM 370","Global Sustainable Development and Policy","IC, GP","GP"
"PPPM 370","Global Sustainable Development and Policy","IC, GP","IC"
"PS 102","Thinking Like a Social Scientist","SSC","SSC"
"PS 106","Power, Politics, and Inequality","SSC, IP, US","IP"
"PS 106","Power, Politics, and Inequality","SSC, IP, US","SSC"
"PS 106","Power, Politics, and Inequality","SSC, IP, US","US"
"PS 111","Introduction to Political Science","SSC","SSC"
"PS 201","United States Politics","SSC","SSC"
"PS 205","Introduction to International Relations","SSC","SSC"
"PS 206","Ethics, Identity, and Power","SSC, AC, US","AC"
"PS 206","Ethics, Identity, and Power","SSC, AC, US","SSC"
"PS 206","Ethics, Identity, and Power","SSC, AC, US","US"
"PS 210","Politics of Business","SSC","SSC"
"PS 275","Legal Process An Introduction to the American Judiciary","SSC","SSC"
"PS 302","States' Rights and Wrongs","SSC","SSC"
"PS 304","Democracy, Dictators, and Development","SSC, IC, GP","GP"
"PS 304","Democracy, Dictators, and Development","SSC, IC, GP","IC"
"PS 304","Democracy, Dictators, and Development","SSC, IC, GP","SSC"
"PS 309","Political Ideologies","SSC","SSC"
"PS 310","Roots of Democracy","SSC","SSC"
"PS 311","Sovereignty and Revolution","SSC","SSC"
"PS 312","Shadows of Modernity","SSC","SSC"
"PS 316","Black Lives Matter and American Democracy","SSC, AC, US","AC"
"PS 316","Black Lives Matter and American Democracy","SSC, AC, US","SSC"
"PS 316","Black Lives Matter and American Democracy","SSC, AC, US","US"
"PS 319","The Politics of the Body","SSC, AC, US","AC"
"PS 319","The Politics of the Body","SSC, AC, US","SSC"
"PS 319","The Politics of the Body","SSC, AC, US","US"
"PS 324","European Politics","SSC, IP, GP","GP"
"PS 324","European Politics","SSC, IP, GP","IP"
"PS 324","European Politics","SSC, IP, GP","SSC"
"PS 326","United States Foreign Policy I","SSC","SSC"
"PS 330","Governments and Politics in Latin America","SSC, IC, GP","GP"
"PS 330","Governments and Politics in Latin America","SSC, IC, GP","IC"
"PS 330","Governments and Politics in Latin America","SSC, IC, GP","SSC"
"PS 337","The Politics of Development","SSC, IC, GP","GP"
"PS 337","The Politics of Development","SSC, IC, GP","IC"
"PS 337","The Politics of Development","SSC, IC, GP","SSC"
"PS 342","Politics of China","IC, GP","GP"
"PS 342","Politics of China","IC, GP","IC"
"PS 345","Southeast Asian Politics","SSC, IC, GP","GP"
"PS 345","Southeast Asian Politics","SSC, IC, GP","IC"
"PS 345","Southeast Asian Politics","SSC, IC, GP","SSC"
"PS 347","Political Power, Influence, and Control","SSC","SSC"
"PS 348","Women and Politics","IP, US","IP"
"PS 348","Women and Politics","IP, US","US"
"PS 349","Mass Media and American Politics","SSC","SSC"
"PS 352","Political Parties and Elections","SSC","SSC"
"PS 367","Politics, Science, and Climate Change","SSC","SSC"
"PS 368","Gender in the Law","IP, US","IP"
"PS 368","Gender in the Law","IP, US","US"
"PS 371","United States Congress","SSC","SSC"
"PS 372","Music and Politics","AC, US","AC"
"PS 372","Music and Politics","AC, US","US"
"PS 375","Race, Politics, and the Law","SSC, AC, US","AC"
"PS 375","Race, Politics, and the Law","SSC, AC, US","SSC"
"PS 375","Race, Politics, and the Law","SSC, AC, US","US"
"PS 380","Gender and Politics in Developing Countries","SSC, IP, GP","GP"
"PS 380","Gender and Politics in Developing Countries","SSC, IP, GP","IP"
"PS 380","Gender and Politics in Developing Countries","SSC, IP, GP","SSC"
"PS 384","Nuclear Politics of the Middle East","SSC","SSC"
"PS 386","United States Social Movements and Political Change","SSC, IP, US","IP"
"PS 386","United States Social Movements and Political Change","SSC, IP, US","SSC"
"PS 386","United States Social Movements and Political Change","SSC, IP, US","US"
"PS 387","Russian Politics","SSC, IC, GP","GP"
"PS 387","Russian Politics","SSC, IC, GP","IC"
"PS 387","Russian Politics","SSC, IC, GP","SSC"
"PS 390","American Indian Politics","SSC, AC, US","AC"
"PS 390","American Indian Politics","SSC, AC, US","SSC"
"PS 390","American Indian Politics","SSC, AC, US","US"
"PS 391","Non-Western Political Theory","SSC, IC, GP","GP"
"PS 391","Non-Western Political Theory","SSC, IC, GP","IC"
"PS 391","Non-Western Political Theory","SSC, IC, GP","SSC"
"PS 449","Racial Politics in the United States","AC, US","AC"
"PS 449","Racial Politics in the United States","AC, US","US"
"PSY 201","Mind and Brain","SC","SC"
"PSY 202","Mind and Society","SSC","SSC"
"PSY 301","Scientific Thinking in Psychology","SC","SC"
"PSY 306","Social Psychology","IP, US","IP"
"PSY 306","Social Psychology","IP, US","US"
"PSY 348","Music and the Brain","SC","SC"
"PSY 366","Culture and Mental Health","SSC, IP, GP","GP"
"PSY 366","Culture and Mental Health","SSC, IP, GP","IP"
"PSY 366","Culture and Mental Health","SSC, IP, GP","SSC"
"PSY 380","Psychology of Gender","SSC, IP, US","IP"
"PSY 380","Psychology of Gender","SSC, IP, US","SSC"
"PSY 380","Psychology of Gender","SSC, IP, US","US"
"REL 101","World Religions: Asian Traditions","A&L, IC, GP","AL"
"REL 101","World Religions: Asian Traditions","A&L, IC, GP","GP"
"REL 101","World Religions: Asian Traditions","A&L, IC, GP","IC"
"REL 102","World Religions: Near Eastern Traditions","A&L, IP, GP","AL"
"REL 102","World Religions: Near Eastern Traditions","A&L, IP, GP","GP"
"REL 102","World Religions: Near Eastern Traditions","A&L, IP, GP","IP"
"REL 211","Early Judaism","SSC, IP, GP","GP"
"REL 211","Early Judaism","SSC, IP, GP","IP"
"REL 211","Early Judaism","SSC, IP, GP","SSC"
"REL 222","Introduction to the Bible I","A&L","AL"
"REL 223","Introduction to the Bible II","A&L","AL"
"REL 233","Introduction to Islam","A&L, IP, GP","AL"
"REL 233","Introduction to Islam","A&L, IP, GP","GP"
"REL 233","Introduction to Islam","A&L, IP, GP","IP"
"REL 302","Chinese Religions","SSC, IC, GP","GP"
"REL 302","Chinese Religions","SSC, IC, GP","IC"
"REL 302","Chinese Religions","SSC, IC, GP","SSC"
"REL 303","Japanese Religions","SSC, IC, GP","GP"
"REL 303","Japanese Religions","SSC, IC, GP","IC"
"REL 303","Japanese Religions","SSC, IC, GP","SSC"
"REL 304","Religions of India","SSC, IC, GP","GP"
"REL 304","Religions of India","SSC, IC, GP","IC"
"REL 304","Religions of India","SSC, IC, GP","SSC"
"REL 317","Jesus and the Gospels","A&L","AL"
"REL 321","History of Christianity","SSC","SSC"
"REL 322","History of Christianity","SSC","SSC"
"REL 323","History of Christianity","SSC","SSC"
"REL 324","History of Eastern Christianity","SSC","SSC"
"REL 325","History of Eastern Christianity","SSC","SSC"
"REL 335","Introduction to the Qur'an","A&L, IC, GP","AL"
"REL 335","Introduction to the Qur'an","A&L, IC, GP","GP"
"REL 335","Introduction to the Qur'an","A&L, IC, GP","IC"
"REL 353","Dark Self, East and West","A&L, IP, GP","AL"
"REL 353","Dark Self, East and West","A&L, IP, GP","GP"
"REL 353","Dark Self, East and West","A&L, IP, GP","IP"
"REL 355","Mysticism","A&L, IP, GP","AL"
"REL 355","Mysticism","A&L, IP, GP","GP"
"REL 355","Mysticism","A&L, IP, GP","IP"
"REL 357","War, Terrorism, and Religion","IP, GP","GP"
"REL 357","War, Terrorism, and Religion","IP, GP","IP"
"REL 359","Religion After Atheism","A&L, IP","AL"
"REL 359","Religion After Atheism","A&L, IP","IP"
"REL 440","Readings in Buddhist Scriptures","IC, GP","GP"
"REL 440","Readings in Buddhist Scriptures","IC, GP","IC"
"RL 151","Mediterranean Foodways","A&L, IC, GP","AL"
"RL 151","Mediterranean Foodways","A&L, IC, GP","GP"
"RL 151","Mediterranean Foodways","A&L, IC, GP","IC"
"RL 152","Feminist Lens: Italian and French Cinema","A&L, GP","AL"
"RL 152","Feminist Lens: Italian and French Cinema","A&L, GP","GP"
"RUSS 201","Second-Year Russian","A&L","AL"
"RUSS 202","Second-Year Russian","A&L","AL"
"RUSS 203","Second-Year Russian","A&L","AL"
"RUSS 204","Introduction to Russian Literature","A&L, IC, GP","AL"
"RUSS 204","Introduction to Russian Literature","A&L, IC, GP","GP"
"RUSS 204","Introduction to Russian Literature","A&L, IC, GP","IC"
"RUSS 205","Introduction to Russian Literature","A&L, IC, GP","AL"
"RUSS 205","Introduction to Russian Literature","A&L, IC, GP","GP"
"RUSS 205","Introduction to Russian Literature","A&L, IC, GP","IC"
"RUSS 206","Introduction to Russian Literature","A&L, IC, GP","AL"
"RUSS 206","Introduction to Russian Literature","A&L, IC, GP","GP"
"RUSS 206","Introduction to Russian Literature","A&L, IC, GP","IC"
"RUSS 240","Russian Culture","A&L, IC, GP","AL"
"RUSS 240","Russian Culture","A&L, IC, GP","GP"
"RUSS 240","Russian Culture","A&L, IC, GP","IC"
"RUSS 316","Third-Year Russian","A&L","AL"
"RUSS 317","Third-Year Russian","A&L","AL"
"RUSS 318","Third-Year Russian","A&L","AL"
"RUSS 334","Dostoevsky","A&L, IC, GP","AL"
"RUSS 334","Dostoevsky","A&L, IC, GP","GP"
"RUSS 334","Dostoevsky","A&L, IC, GP","IC"
"RUSS 335","Tolstoy","A&L, IC, GP","AL"
"RUSS 335","Tolstoy","A&L, IC, GP","GP"
"RUSS 335","Tolstoy","A&L, IC, GP","IC"
"RUSS 351","Russian Literature and Film","A&L, IC, GP","AL"
"RUSS 351","Russian Literature and Film","A&L, IC, GP","GP"
"RUSS 351","Russian Literature and Film","A&L, IC, GP","IC"
"RUSS 360","Race in Russia and America","A&L, IC, GP","AL"
"RUSS 360","Race in Russia and America","A&L, IC, GP","GP"
"RUSS 360","Race in Russia and America","A&L, IC, GP","IC"
"SBUS 250","Sports Business and Society","SSC, IC, GP","GP"
"SBUS 250","Sports Business and Society","SSC, IC, GP","IC"
"SBUS 250","Sports Business and Society","SSC, IC, GP","SSC"
"SBUS 250N","Sports Business and Society","SSC, IC, GP","GP"
"SBUS 250N","Sports Business and Society","SSC, IC, GP","IC"
"SBUS 250N","Sports Business and Society","SSC, IC, GP","SSC"
"SCAN 220M","From Kierkegaard to Kafka","A&L, IC, GP","AL"
"SCAN 220M","From Kierkegaard to Kafka","A&L, IC, GP","GP"
"SCAN 220M","From Kierkegaard to Kafka","A&L, IC, GP","IC"
"SCAN 251","Text and Interpretation","A&L, IC, GP","AL"
"SCAN 251","Text and Interpretation","A&L, IC, GP","GP"
"SCAN 251","Text and Interpretation","A&L, IC, GP","IC"
"SCAN 259","Vikings through the Icelandic Sagas","A&L, IC, GP","AL"
"SCAN 259","Vikings through the Icelandic Sagas","A&L, IC, GP","GP"
"SCAN 259","Vikings through the Icelandic Sagas","A&L, IC, GP","IC"
"SCAN 280M","The Quality of Life in Germany and Scandinavia","A&L, IC, GP","AL"
"SCAN 280M","The Quality of Life in Germany and Scandinavia","A&L, IC, GP","GP"
"SCAN 280M","The Quality of Life in Germany and Scandinavia","A&L, IC, GP","IC"
"SCAN 315","Nordic Cinema","A&L, IC, GP","AL"
"SCAN 315","Nordic Cinema","A&L, IC, GP","GP"
"SCAN 315","Nordic Cinema","A&L, IC, GP","IC"
"SCAN 316","History of Cinema","A&L, IC, GP","AL"
"SCAN 316","History of Cinema","A&L, IC, GP","GP"
"SCAN 316","History of Cinema","A&L, IC, GP","IC"
"SCAN 317","Directors, Movements, and Manifestos","A&L, IC, GP","AL"
"SCAN 317","Directors, Movements, and Manifestos","A&L, IC, GP","GP"
"SCAN 317","Directors, Movements, and Manifestos","A&L, IC, GP","IC"
"SCAN 325","Constructions versus Constrictions of Identity","A&L, IP, GP","AL"
"SCAN 325","Constructions versus Constrictions of Identity","A&L, IP, GP","GP"
"SCAN 325","Constructions versus Constrictions of Identity","A&L, IP, GP","IP"
"SCAN 341","Revisions of the Scandinavian Dream","A&L, IC, GP","AL"
"SCAN 341","Revisions of the Scandinavian Dream","A&L, IC, GP","GP"
"SCAN 341","Revisions of the Scandinavian Dream","A&L, IC, GP","IC"
"SCAN 343","Norse Mythology","A&L, IC, GP","AL"
"SCAN 343","Norse Mythology","A&L, IC, GP","GP"
"SCAN 343","Norse Mythology","A&L, IC, GP","IC"
"SCAN 344","Medieval Hero and Monster","IC, GP","GP"
"SCAN 344","Medieval Hero and Monster","IC, GP","IC"
"SCAN 345M","Food, Culture, and Identity in Germany and Scandinavia","A&L, IC, GP","AL"
"SCAN 345M","Food, Culture, and Identity in Germany and Scandinavia","A&L, IC, GP","GP"
"SCAN 345M","Food, Culture, and Identity in Germany and Scandinavia","A&L, IC, GP","IC"
"SCAN 351","Periods in Scandinavian Literature","A&L","AL"
"SCAN 353","Scandinavian Women Writers","A&L, IP, GP","AL"
"SCAN 353","Scandinavian Women Writers","A&L, IP, GP","GP"
"SCAN 353","Scandinavian Women Writers","A&L, IP, GP","IP"
"SCAN 354","Genres in Scandinavian Literature","A&L, IC, GP","AL"
"SCAN 354","Genres in Scandinavian Literature","A&L, IC, GP","GP"
"SCAN 354","Genres in Scandinavian Literature","A&L, IC, GP","IC"
"SOC 204","Introduction to Sociology","SSC, IP, US","IP"
"SOC 204","Introduction to Sociology","SSC, IP, US","SSC"
"SOC 204","Introduction to Sociology","SSC, IP, US","US"
"SOC 207","Social Inequality","SSC, US","SSC"
"SOC 207","Social Inequality","SSC, US","US"
"SOC 301","American Society","SSC, IP, US","IP"
"SOC 301","American Society","SSC, IP, US","SSC"
"SOC 301","American Society","SSC, IP, US","US"
"SOC 304","Community, Environment, and Society","SSC","SSC"
"SOC 313","Social Issues and Movements","SSC","SSC"
"SOC 317","Sociology of the Mass Media","SSC","SSC"
"SOC 328","Self and Society","SSC","SSC"
"SOC 345","Race and Ethnicity","SSC, AC, US","AC"
"SOC 345","Race and Ethnicity","SSC, AC, US","SSC"
"SOC 345","Race and Ethnicity","SSC, AC, US","US"
"SOC 346","Work and Occupations","SSC","SSC"
"SOC 355","Sociology of Gender","SSC, IP, US","IP"
"SOC 355","Sociology of Gender","SSC, IP, US","SSC"
"SOC 355","Sociology of Gender","SSC, IP, US","US"
"SOC 380","Introduction: Deviance, Control, and Crime","SSC","SSC"
"SOC 445","Sociology of Race and Ethnicity: [Topic]","AC, US","AC"
"SOC 445","Sociology of Race and Ethnicity: [Topic]","AC, US","US"
"SOC 455","Issues in Sociology of Gender: [Topic]","IP, US","IP"
"SOC 455","Issues in Sociology of Gender: [Topic]","IP, US","US"
"SOC 456","Feminist Theory","IP, US","IP"
"SOC 456","Feminist Theory","IP, US","US"
"SPAN 150","Hispanic and Latinx Cultures","A&L, IC, GP","AL"
"SPAN 150","Hispanic and Latinx Cultures","A&L, IC, GP","GP"
"SPAN 150","Hispanic and Latinx Cultures","A&L, IC, GP","IC"
"SPAN 201","Second-Year Spanish","A&L","AL"
"SPAN 202","Second-Year Spanish","A&L","AL"
"SPAN 203","Second-Year Spanish","A&L","AL"
"SPAN 218","Latino Heritage I","A&L, AC, US","AC"
"SPAN 218","Latino Heritage I","A&L, AC, US","AL"
"SPAN 218","Latino Heritage I","A&L, AC, US","US"
"SPAN 228","Latino Heritage II","A&L","AL"
"SPAN 238","Spanish Around the World","SSC, IC, GP","GP"
"SPAN 238","Spanish Around the World","SSC, IC, GP","IC"
"SPAN 238","Spanish Around the World","SSC, IC, GP","SSC"
"SPAN 301","Cultura y Lengua: Identidades Hispanas","A&L","AL"
"SPAN 303","Cultura y lengua: expresiones artisticas","A&L","AL"
"SPAN 305","Cultura y lengua: cambios sociales","A&L, IC, GP","AL"
"SPAN 305","Cultura y lengua: cambios sociales","A&L, IC, GP","GP"
"SPAN 305","Cultura y lengua: cambios sociales","A&L, IC, GP","IC"
"SPAN 308","Cultura y lengua: comunidades bilingues","SSC, IP, GP","GP"
"SPAN 308","Cultura y lengua: comunidades bilingues","SSC, IP, GP","IP"
"SPAN 308","Cultura y lengua: comunidades bilingues","SSC, IP, GP","SSC"
"SPAN 341","Hispanic Cultures through Literature I","A&L, IC, GP","AL"
"SPAN 341","Hispanic Cultures through Literature I","A&L, IC, GP","GP"
"SPAN 341","Hispanic Cultures through Literature I","A&L, IC, GP","IC"
"SPAN 342","Hispanic Cultures through Literature II","A&L, IC, GP","AL"
"SPAN 342","Hispanic Cultures through Literature II","A&L, IC, GP","GP"
"SPAN 342","Hispanic Cultures through Literature II","A&L, IC, GP","IC"
"SPAN 343","Hispanic Cultures through Literature III","A&L, IC, GP","AL"
"SPAN 343","Hispanic Cultures through Literature III","A&L, IC, GP","GP"
"SPAN 343","Hispanic Cultures through Literature III","A&L, IC, GP","IC"
"SPAN 344","Hispanic Cultures through Literature IV","A&L, IC, GP","AL"
"SPAN 344","Hispanic Cultures through Literature IV","A&L, IC, GP","GP"
"SPAN 344","Hispanic Cultures through Literature IV","A&L, IC, GP","IC"
"SPAN 348","United States Latino Literature and Culture","A&L, AC, US","AC"
"SPAN 348","United States Latino Literature and Culture","A&L, AC, US","AL"
"SPAN 348","United States Latino Literature and Culture","A&L, AC, US","US"
"SPAN 350","Introduction to Poetry","A&L","AL"
"SPAN 351","Introduction to Theater","A&L","AL"
"SPAN 353","Introduction to Narrative","A&L","AL"
"SPAN 355","Creative Writing in Spanish","IC, GP","GP"
"SPAN 355","Creative Writing in Spanish","IC, GP","IC"
"SPAN 480","19th-Century Spanish American Literature: [Topic]","IC, GP","GP"
"SPAN 480","19th-Century Spanish American Literature: [Topic]","IC, GP","IC"
"SPAN 490","20th-Century Latin American Literature: [Topic]","IC, GP","GP"
"SPAN 490","20th-Century Latin American Literature: [Topic]","IC, GP","IC"
"SPED 418","Disrupting the School to Prison Pipeline","AC, US","AC"
"SPED 418","Disrupting the School to Prison Pipeline","AC, US","US"
"STAT 243Z","Elementary Statistics I","SC","SC"
"SWAH 201","Second-Year Swahili","A&L","AL"
"SWAH 202","Second-Year Swahili","A&L","AL"
"SWAH 203","Second Year Swahili","A&L","AL"
"SWED 201","Second-Year Swedish","A&L","AL"
"SWED 202","Second-Year Swedish","A&L","AL"
"SWED 203","Second-Year Swedish","A&L","AL"
"TA 271","Introduction to Theater Arts","A&L","AL"
"TA 367","History of the Theater I","A&L","AL"
"TA 368","History of the Theater II","A&L","AL"
"TA 369","History of the Theater III","A&L","AL"
"TA 472","Multicultural Theater: [Topic]","AC, US","AC"
"TA 472","Multicultural Theater: [Topic]","AC, US","US"
"WGS 101","Introduction to Women's and Gender Studies","SSC, IP, US","IP"
"WGS 101","Introduction to Women's and Gender Studies","SSC, IP, US","SSC"
"WGS 101","Introduction to Women's and Gender Studies","SSC, IP, US","US"
"WGS 201","Introduction to Queer Studies","IP, US","IP"
"WGS 201","Introduction to Queer Studies","IP, US","US"
"WGS 221","Bodies and Power","SSC, IP, US","IP"
"WGS 221","Bodies and Power","SSC, IP, US","SSC"
"WGS 221","Bodies and Power","SSC, IP, US","US"
"WGS 250","Gender, Literature, and Culture","A&L, IP, US","AL"
"WGS 250","Gender, Literature, and Culture","A&L, IP, US","IP"
"WGS 250","Gender, Literature, and Culture","A&L, IP, US","US"
"WGS 251","Transnational and Indigenous Feminisms","SSC, IP","IP"
"WGS 251","Transnational and Indigenous Feminisms","SSC, IP","SSC"
"WGS 261","Gender and Popular Culture","A&L, AC, US","AC"
"WGS 261","Gender and Popular Culture","A&L, AC, US","AL"
"WGS 261","Gender and Popular Culture","A&L, AC, US","US"
"WGS 303","Women and Gender in American History","SSC, IP","IP"
"WGS 303","Women and Gender in American History","SSC, IP","SSC"
"WGS 311","Black Feminist Theories","A&L, AC, US","AC"
"WGS 311","Black Feminist Theories","A&L, AC, US","AL"
"WGS 311","Black Feminist Theories","A&L, AC, US","US"
"WGS 315","History and Development of Feminist Theory","SSC, IP","IP"
"WGS 315","History and Development of Feminist Theory","SSC, IP","SSC"
"WGS 321","Feminist Perspectives: Identity, Race, Culture","SSC, AC, US","AC"
"WGS 321","Feminist Perspectives: Identity, Race, Culture","SSC, AC, US","SSC"
"WGS 321","Feminist Perspectives: Identity, Race, Culture","SSC, AC, US","US"
"WGS 322","Queer Theory","A&L, IP","AL"
"WGS 322","Queer Theory","A&L, IP","IP"
"WGS 331","Science, Technology, and Gender","IP","IP"
"WGS 341","Women, Work, and Class","SSC, IP","IP"
"WGS 341","Women, Work, and Class","SSC, IP","SSC"
"WGS 350","Literature as Feminist Theory","A&L, IP, US","AL"
"WGS 350","Literature as Feminist Theory","A&L, IP, US","IP"
"WGS 350","Literature as Feminist Theory","A&L, IP, US","US"
"WGS 351","Decolonial Feminisms","SSC, IC, GP","GP"
"WGS 351","Decolonial Feminisms","SSC, IC, GP","IC"
"WGS 351","Decolonial Feminisms","SSC, IC, GP","SSC"
"WGS 361","Gender, Film, and the Media","A&L, IP","AL"
"WGS 361","Gender, Film, and the Media","A&L, IP","IP"
"WGS 411","Feminist Praxis","IP","IP"
"WGS 411","Feminist Praxis","IP","IP"
"WGS 422","Sexuality Studies: [Topic]","IP","IP"
"WGS 422","Sexuality Studies: [Topic]","IP","IP"
